"PA001: KESKMINE BRUTOPALK, TÖÖJÕUKULU, TÖÖTATUD TUNNID JA TÖÖTAJATE ARV | Näitaja, Tegevusala ning Vaatlusperiood"

"Näitaja","Tegevusala","2018","2018 I kvartal","2018 II kvartal","2018 III kvartal","2018 IV kvartal","2019","2019 I kvartal","2019 II kvartal","2019 III kvartal","2019 IV kvartal","2020","2020 I kvartal","2020 II kvartal","2020 III kvartal","2020 IV kvartal","2021","2021 I kvartal","2021 II kvartal","2021 III kvartal","2021 IV kvartal"
"Keskmine brutokuupalk, eurot","Kokku – kõik tegevusalad",1310,1242,1321,1291,1384,1407,1341,1419,1397,1472,1448,1404,1433,1441,1515,1548,1473,1538,1553,1625
"Keskmine brutokuupalk, eurot","Põllumajandus, metsamajandus ja kalapüük",1163,1133,1151,1167,1201,1141,1121,1104,1173,1170,1202,1159,1154,1222,1279,1294,1270,1288,1263,1354
"Keskmine brutokuupalk, eurot","Mäetööstus",1606,1547,1615,1594,1670,1638,1667,1658,1546,1684,1697,1699,1588,1677,1847,1840,1732,1869,1847,1908
"Keskmine brutokuupalk, eurot","Töötlev tööstus",1249,1189,1266,1234,1307,1339,1277,1354,1345,1383,1363,1342,1336,1373,1404,1440,1377,1430,1462,1491
"Keskmine brutokuupalk, eurot","Elektrienergia, gaasi, auru ja konditsioneeritud õhuga varustamine",1857,2101,1823,1719,1790,1996,2264,1913,1858,1945,2118,2338,2118,1977,2035,2128,2295,2124,2007,2084
"Keskmine brutokuupalk, eurot","Veevarustus; kanalisatsioon; jäätme- ja saastekäitlus",1338,1288,1328,1350,1388,1368,1304,1357,1341,1472,1433,1423,1407,1416,1486,1511,1472,1497,1513,1560
"Keskmine brutokuupalk, eurot","Ehitus",1248,1146,1250,1273,1321,1356,1270,1377,1340,1433,1365,1346,1336,1346,1437,1474,1417,1446,1501,1526
"Keskmine brutokuupalk, eurot","Hulgi- ja jaekaubandus; mootorsõidukite ja mootorrataste remont",1224,1150,1257,1209,1283,1315,1266,1311,1317,1365,1187,1156,1155,1200,1239,1315,1231,1295,1338,1396
"Keskmine brutokuupalk, eurot","Veondus ja laondus",1241,1201,1253,1248,1262,1346,1309,1384,1337,1354,1387,1359,1359,1408,1424,1452,1395,1451,1466,1494
"Keskmine brutokuupalk, eurot","Majutus ja toitlustus",854,809,850,858,900,905,858,903,932,923,860,866,818,892,866,916,847,884,976,953
"Keskmine brutokuupalk, eurot","Info ja side",2172,2067,2169,2181,2270,2342,2195,2390,2360,2422,2574,2537,2564,2545,2646,2804,2629,2761,2878,2945
"Keskmine brutokuupalk, eurot","Finants- ja kindlustustegevus",2154,2196,2192,2066,2167,2321,2411,2296,2257,2320,2461,2529,2499,2389,2427,2568,2582,2545,2539,2605
"Keskmine brutokuupalk, eurot","Kinnisvaraalane tegevus",1050,1022,1076,1004,1103,1042,1012,1032,1048,1077,1050,1075,994,1057,1071,1132,1119,1124,1133,1153
"Keskmine brutokuupalk, eurot","Kutse-, teadus- ja tehnikaalane tegevus",1529,1466,1521,1554,1582,1552,1458,1562,1573,1614,1676,1648,1644,1679,1734,1791,1782,1737,1814,1830
"Keskmine brutokuupalk, eurot","Haldus- ja abitegevused",1132,1082,1119,1131,1192,1211,1138,1219,1204,1286,1212,1186,1215,1206,1245,1319,1254,1332,1331,1357
"Keskmine brutokuupalk, eurot","Avalik haldus ja riigikaitse; kohustuslik sotsiaalkindlustus",1622,1517,1586,1579,1805,1781,1658,1799,1752,1913,1835,1783,1816,1809,1933,1904,1810,1878,1868,2061
"Keskmine brutokuupalk, eurot","Haridus",1221,1131,1261,1132,1357,1333,1246,1378,1257,1446,1397,1324,1426,1328,1504,1432,1346,1470,1363,1545
"Keskmine brutokuupalk, eurot","Tervishoid ja sotsiaalhoolekanne",1357,1237,1385,1366,1440,1495,1361,1533,1502,1583,1532,1394,1554,1539,1641,1732,1583,1758,1710,1877
"Keskmine brutokuupalk, eurot","Kunst, meelelahutus ja vaba aeg",1111,1075,1139,1040,1196,1155,1102,1161,1119,1236,1129,1102,1103,1135,1178,1247,1165,1208,1293,1315
"Keskmine brutokuupalk, eurot","Muud teenindavad tegevused",937,885,917,936,1010,1070,1008,1070,1080,1124,1133,1089,1103,1123,1225,1245,1176,1245,1260,1301
"Keskmine brutokuupalk, standardviga, eurot","Kokku – kõik tegevusalad",11,8,11,8,9,9,8,8,8,9,7,6,6,6,7,10,9,9,10,10
"Keskmine brutokuupalk, standardviga, eurot","Põllumajandus, metsamajandus ja kalapüük",58,58,50,47,48,38,37,29,38,29,59,33,27,45,59,89,48,61,45,89
"Keskmine brutokuupalk, standardviga, eurot","Mäetööstus",14,7,7,10,14,8,5,6,7,8,14,11,4,7,14,18,13,18,16,16
"Keskmine brutokuupalk, standardviga, eurot","Töötlev tööstus",14,12,13,12,14,17,16,17,15,16,11,10,9,12,11,20,20,14,13,14
"Keskmine brutokuupalk, standardviga, eurot","Elektrienergia, gaasi, auru ja konditsioneeritud õhuga varustamine",13,13,10,8,8,6,6,5,5,6,6,12,5,5,6,15,15,10,6,11
"Keskmine brutokuupalk, standardviga, eurot","Veevarustus; kanalisatsioon; jäätme- ja saastekäitlus",24,17,20,24,20,18,12,12,12,18,12,10,9,11,12,15,14,15,13,15
"Keskmine brutokuupalk, standardviga, eurot","Ehitus",39,33,39,38,36,63,43,53,44,63,43,35,31,39,43,47,46,47,46,46
"Keskmine brutokuupalk, standardviga, eurot","Hulgi- ja jaekaubandus; mootorsõidukite ja mootorrataste remont",60,27,60,31,36,34,34,26,27,30,18,15,14,17,18,26,22,19,25,26
"Keskmine brutokuupalk, standardviga, eurot","Veondus ja laondus",24,24,23,22,23,30,28,30,26,26,23,19,18,22,23,55,38,41,55,42
"Keskmine brutokuupalk, standardviga, eurot","Majutus ja toitlustus",25,19,19,18,25,19,16,18,19,19,22,18,18,22,22,27,20,27,23,22
"Keskmine brutokuupalk, standardviga, eurot","Info ja side",68,50,45,50,68,50,50,46,46,45,43,46,37,36,43,85,59,64,84,85
"Keskmine brutokuupalk, standardviga, eurot","Finants- ja kindlustustegevus",58,37,55,52,58,25,25,19,17,16,14,14,12,12,14,63,45,29,28,63
"Keskmine brutokuupalk, standardviga, eurot","Kinnisvaraalane tegevus",89,89,57,51,79,74,47,54,57,74,57,42,38,57,57,63,48,63,48,51
"Keskmine brutokuupalk, standardviga, eurot","Kutse-, teadus- ja tehnikaalane tegevus",71,71,62,62,69,44,40,44,42,38,54,49,59,48,54,80,80,52,64,55
"Keskmine brutokuupalk, standardviga, eurot","Haldus- ja abitegevused",31,29,27,31,31,54,34,48,35,54,54,31,55,28,54,48,43,47,45,48
"Keskmine brutokuupalk, standardviga, eurot","Avalik haldus ja riigikaitse; kohustuslik sotsiaalkindlustus",0,0,0,0,0,0,0,0,0,0,2,2,2,2,2,6,3,4,4,6
"Keskmine brutokuupalk, standardviga, eurot","Haridus",5,5,4,4,5,3,2,3,2,3,11,7,9,7,11,18,9,11,10,18
"Keskmine brutokuupalk, standardviga, eurot","Tervishoid ja sotsiaalhoolekanne",15,15,15,14,15,16,13,14,15,16,17,13,14,14,17,22,22,20,22,21
"Keskmine brutokuupalk, standardviga, eurot","Kunst, meelelahutus ja vaba aeg",74,46,74,49,38,18,14,14,17,18,18,19,27,17,18,78,42,44,78,45
"Keskmine brutokuupalk, standardviga, eurot","Muud teenindavad tegevused",74,40,46,63,74,77,49,58,55,77,66,57,58,63,66,78,68,70,73,78
"Keskmine brutokuupalk, suhteline standardviga, %","Kokku – kõik tegevusalad",0.9,0.6,0.9,0.6,0.6,0.6,0.6,0.6,0.5,0.6,0.5,0.4,0.4,0.4,0.5,0.7,0.6,0.6,0.6,0.6
"Keskmine brutokuupalk, suhteline standardviga, %","Põllumajandus, metsamajandus ja kalapüük",5.0,5.1,4.3,4.1,4.0,3.3,3.3,2.7,3.2,2.5,4.9,2.8,2.4,3.7,4.6,6.8,3.8,4.8,3.5,6.5
"Keskmine brutokuupalk, suhteline standardviga, %","Mäetööstus",0.8,0.4,0.4,0.6,0.8,0.5,0.3,0.4,0.5,0.5,0.8,0.6,0.3,0.4,0.8,1.0,0.7,1.0,0.9,0.8
"Keskmine brutokuupalk, suhteline standardviga, %","Töötlev tööstus",1.1,1.0,1.1,1.0,1.1,1.3,1.3,1.3,1.1,1.1,0.8,0.7,0.7,0.9,0.8,1.4,1.5,1.0,0.9,0.9
"Keskmine brutokuupalk, suhteline standardviga, %","Elektrienergia, gaasi, auru ja konditsioneeritud õhuga varustamine",0.7,0.6,0.6,0.5,0.4,0.3,0.3,0.2,0.3,0.3,0.3,0.5,0.2,0.2,0.3,0.7,0.6,0.5,0.3,0.5
"Keskmine brutokuupalk, suhteline standardviga, %","Veevarustus; kanalisatsioon; jäätme- ja saastekäitlus",1.8,1.3,1.5,1.8,1.4,1.3,0.9,0.9,0.9,1.2,0.8,0.7,0.6,0.7,0.8,1.0,0.9,1.0,0.8,1.0
"Keskmine brutokuupalk, suhteline standardviga, %","Ehitus",3.1,2.9,3.1,3.0,2.7,4.6,3.4,3.8,3.3,4.4,3.2,2.6,2.3,2.9,3.0,3.2,3.3,3.2,3.0,3.0
"Keskmine brutokuupalk, suhteline standardviga, %","Hulgi- ja jaekaubandus; mootorsõidukite ja mootorrataste remont",4.9,2.4,4.8,2.5,2.8,2.6,2.7,2.0,2.1,2.2,1.5,1.3,1.2,1.4,1.5,2.0,1.8,1.5,1.9,1.8
"Keskmine brutokuupalk, suhteline standardviga, %","Veondus ja laondus",1.9,2.0,1.8,1.8,1.8,2.3,2.1,2.2,2.0,1.9,1.7,1.4,1.3,1.5,1.6,3.8,2.7,2.8,3.7,2.8
"Keskmine brutokuupalk, suhteline standardviga, %","Majutus ja toitlustus",3.0,2.3,2.3,2.1,2.8,2.1,1.9,2.0,2.1,2.0,2.6,2.1,2.2,2.5,2.6,3.0,2.4,3.0,2.4,2.3
"Keskmine brutokuupalk, suhteline standardviga, %","Info ja side",3.2,2.4,2.1,2.3,3.0,2.1,2.3,1.9,1.9,1.8,1.7,1.8,1.4,1.4,1.6,3.0,2.3,2.3,2.9,2.9
"Keskmine brutokuupalk, suhteline standardviga, %","Finants- ja kindlustustegevus",2.7,1.7,2.5,2.5,2.7,1.1,1.0,0.8,0.8,0.7,0.6,0.6,0.5,0.5,0.6,2.5,1.7,1.1,1.1,2.4
"Keskmine brutokuupalk, suhteline standardviga, %","Kinnisvaraalane tegevus",8.5,8.7,5.3,5.1,7.1,7.1,4.7,5.2,5.4,6.9,5.4,3.9,3.8,5.4,5.3,5.6,4.3,5.6,4.2,4.5
"Keskmine brutokuupalk, suhteline standardviga, %","Kutse-, teadus- ja tehnikaalane tegevus",4.6,4.8,4.1,4.0,4.4,2.8,2.8,2.8,2.7,2.4,3.2,2.9,3.6,2.8,3.1,4.5,4.5,3.0,3.5,3.0
"Keskmine brutokuupalk, suhteline standardviga, %","Haldus- ja abitegevused",2.7,2.6,2.4,2.7,2.6,4.5,3.0,3.9,2.9,4.2,4.4,2.6,4.5,2.3,4.3,3.7,3.4,3.6,3.4,3.6
"Keskmine brutokuupalk, suhteline standardviga, %","Avalik haldus ja riigikaitse; kohustuslik sotsiaalkindlustus",0.0,0.0,0.0,0.0,0.0,0.0,0.0,0.0,0.0,0.0,0.1,0.1,0.1,0.1,0.1,0.3,0.2,0.2,0.2,0.3
"Keskmine brutokuupalk, suhteline standardviga, %","Haridus",0.4,0.5,0.3,0.3,0.3,0.2,0.2,0.2,0.2,0.2,0.8,0.5,0.7,0.6,0.7,1.3,0.7,0.7,0.8,1.2
"Keskmine brutokuupalk, suhteline standardviga, %","Tervishoid ja sotsiaalhoolekanne",1.1,1.2,1.1,1.0,1.1,1.1,0.9,0.9,1.0,1.0,1.1,0.9,0.9,0.9,1.1,1.3,1.4,1.1,1.3,1.1
"Keskmine brutokuupalk, suhteline standardviga, %","Kunst, meelelahutus ja vaba aeg",6.7,4.3,6.5,4.7,3.2,1.5,1.2,1.2,1.5,1.4,1.6,1.8,2.4,1.5,1.5,6.3,3.6,3.7,6.0,3.4
"Keskmine brutokuupalk, suhteline standardviga, %","Muud teenindavad tegevused",7.9,4.6,5.0,6.7,7.4,7.2,4.9,5.4,5.1,6.9,5.8,5.2,5.3,5.6,5.4,6.3,5.7,5.6,5.8,6.0
"Keskmise brutokuupalga muutus võrreldes eelmise aasta sama perioodiga, %","Kokku – kõik tegevusalad",..,7.7,6.4,7.5,8.9,..,7.9,7.4,8.2,6.3,..,4.8,1.0,3.2,2.9,..,4.9,7.3,7.8,7.3
"Keskmise brutokuupalga muutus võrreldes eelmise aasta sama perioodiga, %","Põllumajandus, metsamajandus ja kalapüük",..,10.1,9.7,7.9,10.6,..,-1.1,-4.1,0.5,-2.6,..,3.4,4.5,4.1,9.3,..,9.6,11.7,3.4,5.8
"Keskmise brutokuupalga muutus võrreldes eelmise aasta sama perioodiga, %","Mäetööstus",..,6.3,6.8,5.3,7.0,..,7.7,2.7,-3.0,0.8,..,1.9,-4.3,8.5,9.7,..,1.9,17.7,10.1,3.3
"Keskmise brutokuupalga muutus võrreldes eelmise aasta sama perioodiga, %","Töötlev tööstus",..,6.7,5.5,6.1,9.0,..,7.3,6.9,9.0,5.8,..,5.1,-1.3,2.1,1.5,..,2.6,7.1,6.5,6.2
"Keskmise brutokuupalga muutus võrreldes eelmise aasta sama perioodiga, %","Elektrienergia, gaasi, auru ja konditsioneeritud õhuga varustamine",..,10.2,7.3,6.4,3.2,..,7.7,4.9,8.1,8.7,..,3.3,10.7,6.4,4.6,..,-1.8,0.3,1.5,2.4
"Keskmise brutokuupalga muutus võrreldes eelmise aasta sama perioodiga, %","Veevarustus; kanalisatsioon; jäätme- ja saastekäitlus",..,7.7,9.7,11.0,13.6,..,1.2,2.2,-0.7,6.1,..,9.1,3.7,5.7,0.9,..,3.5,6.4,6.8,5.0
"Keskmise brutokuupalga muutus võrreldes eelmise aasta sama perioodiga, %","Ehitus",..,8.1,8.4,4.4,10.8,..,10.8,10.2,5.2,8.5,..,6.0,-3.0,0.4,0.2,..,5.2,8.3,11.5,6.2
"Keskmise brutokuupalga muutus võrreldes eelmise aasta sama perioodiga, %","Hulgi- ja jaekaubandus; mootorsõidukite ja mootorrataste remont",..,8.3,13.6,8.4,12.6,..,10.0,4.3,9.0,6.4,..,-8.7,-11.9,-8.9,-9.3,..,6.5,12.1,11.5,12.7
"Keskmise brutokuupalga muutus võrreldes eelmise aasta sama perioodiga, %","Veondus ja laondus",..,4.5,3.1,4.1,5.4,..,9.0,10.4,7.1,7.2,..,3.8,-1.8,5.4,5.2,..,2.7,6.7,4.1,4.9
"Keskmise brutokuupalga muutus võrreldes eelmise aasta sama perioodiga, %","Majutus ja toitlustus",..,5.5,3.8,7.4,7.5,..,6.0,6.2,8.6,2.6,..,0.9,-9.4,-4.3,-6.1,..,-2.2,8.0,9.3,10.1
"Keskmise brutokuupalga muutus võrreldes eelmise aasta sama perioodiga, %","Info ja side",..,3.2,1.6,3.4,6.8,..,6.2,10.2,8.2,6.7,..,15.6,7.3,7.9,9.3,..,3.6,7.7,13.1,11.3
"Keskmise brutokuupalga muutus võrreldes eelmise aasta sama perioodiga, %","Finants- ja kindlustustegevus",..,14.6,6.8,8.0,3.8,..,9.8,4.7,9.2,7.1,..,4.9,8.8,5.8,4.6,..,2.1,1.8,6.3,7.4
"Keskmise brutokuupalga muutus võrreldes eelmise aasta sama perioodiga, %","Kinnisvaraalane tegevus",..,11.2,3.4,4.1,5.2,..,-1.0,-4.1,4.4,-2.3,..,6.3,-3.7,0.9,-0.6,..,4.0,13.1,7.1,7.7
"Keskmise brutokuupalga muutus võrreldes eelmise aasta sama perioodiga, %","Kutse-, teadus- ja tehnikaalane tegevus",..,8.5,6.9,9.5,5.6,..,-0.5,2.7,1.3,2.0,..,13.0,5.3,6.7,7.5,..,8.1,5.6,8.0,5.5
"Keskmise brutokuupalga muutus võrreldes eelmise aasta sama perioodiga, %","Haldus- ja abitegevused",..,2.8,-3.1,-3.1,7.2,..,5.1,9.0,6.4,7.9,..,4.2,-0.3,0.2,-3.2,..,5.7,9.6,10.4,9.0
"Keskmise brutokuupalga muutus võrreldes eelmise aasta sama perioodiga, %","Avalik haldus ja riigikaitse; kohustuslik sotsiaalkindlustus",..,10.7,8.0,10.3,8.0,..,9.3,13.4,11.0,6.0,..,7.6,0.9,3.2,1.0,..,1.5,3.4,3.2,6.6
"Keskmise brutokuupalga muutus võrreldes eelmise aasta sama perioodiga, %","Haridus",..,12.6,4.1,25.8,13.2,..,10.2,9.3,11.0,6.6,..,6.2,3.5,5.7,4.0,..,1.7,3.1,2.6,2.8
"Keskmise brutokuupalga muutus võrreldes eelmise aasta sama perioodiga, %","Tervishoid ja sotsiaalhoolekanne",..,8.5,7.9,10.2,8.8,..,10.0,10.7,10.0,9.9,..,2.4,1.4,2.4,3.6,..,13.6,13.2,11.1,14.4
"Keskmise brutokuupalga muutus võrreldes eelmise aasta sama perioodiga, %","Kunst, meelelahutus ja vaba aeg",..,20.4,17.7,19.3,21.1,..,2.5,2.0,7.5,3.4,..,0.0,-5.1,1.5,-4.7,..,5.7,9.6,13.9,11.7
"Keskmise brutokuupalga muutus võrreldes eelmise aasta sama perioodiga, %","Muud teenindavad tegevused",..,38.4,39.3,36.6,48.0,..,13.9,16.7,15.4,11.3,..,8.0,3.1,4.0,9.0,..,8.0,12.9,12.2,6.2
"Keskmise brutokuupalga muutus võrreldes eelmise perioodiga, %","Kokku – kõik tegevusalad",7.3,-2.2,6.4,-2.3,7.2,7.4,-3.2,5.9,-1.6,5.4,2.9,-4.6,2.1,0.5,5.1,6.9,-2.8,4.4,1.0,4.7
"Keskmise brutokuupalga muutus võrreldes eelmise perioodiga, %","Põllumajandus, metsamajandus ja kalapüük",9.3,4.3,1.6,1.4,2.9,-1.9,-6.7,-1.5,6.3,-0.2,5.4,-1.0,-0.5,5.9,4.7,7.6,-0.7,1.4,-1.9,7.2
"Keskmise brutokuupalga muutus võrreldes eelmise perioodiga, %","Mäetööstus",6.2,-0.9,4.4,-1.4,4.8,2.0,-0.2,-0.5,-6.8,8.9,3.5,0.9,-6.5,5.6,10.1,8.4,-6.2,7.9,-1.2,3.3
"Keskmise brutokuupalga muutus võrreldes eelmise perioodiga, %","Töötlev tööstus",6.5,-0.8,6.5,-2.5,6.0,7.2,-2.4,6.0,-0.7,2.9,1.8,-3.0,-0.4,2.8,2.3,5.7,-2.0,3.9,2.2,2.0
"Keskmise brutokuupalga muutus võrreldes eelmise perioodiga, %","Elektrienergia, gaasi, auru ja konditsioneeritud õhuga varustamine",6.6,21.1,-13.2,-5.7,4.1,7.4,26.5,-15.5,-2.8,4.6,6.1,20.2,-9.4,-6.7,2.9,0.5,12.8,-7.5,-5.5,3.8
"Keskmise brutokuupalga muutus võrreldes eelmise perioodiga, %","Veevarustus; kanalisatsioon; jäätme- ja saastekäitlus",10.2,5.4,3.1,1.7,2.9,2.3,-6.1,4.0,-1.2,9.8,4.7,-3.4,-1.1,0.7,4.9,5.4,-0.9,1.7,1.1,3.1
"Keskmise brutokuupalga muutus võrreldes eelmise perioodiga, %","Ehitus",6.9,-3.8,9.1,1.9,3.8,8.6,-3.9,8.4,-2.7,6.9,0.7,-6.1,-0.8,0.8,6.7,8.0,-1.4,2.1,3.8,1.7
"Keskmise brutokuupalga muutus võrreldes eelmise perioodiga, %","Hulgi- ja jaekaubandus; mootorsõidukite ja mootorrataste remont",10.8,1.0,9.3,-3.8,6.1,7.4,-1.3,3.6,0.5,3.6,-9.7,-15.3,0.0,3.9,3.2,10.8,-0.6,5.2,3.3,4.3
"Keskmise brutokuupalga muutus võrreldes eelmise perioodiga, %","Veondus ja laondus",3.5,0.2,4.3,-0.4,1.2,8.5,3.7,5.7,-3.4,1.3,3.0,0.4,0.1,3.6,1.1,4.7,-2.0,4.0,1.0,1.9
"Keskmise brutokuupalga muutus võrreldes eelmise perioodiga, %","Majutus ja toitlustus",5.2,-3.3,5.1,0.9,4.8,5.9,-4.6,5.2,3.2,-1.0,-4.9,-6.1,-5.5,9.1,-2.9,6.5,-2.2,4.3,10.4,-2.3
"Keskmise brutokuupalga muutus võrreldes eelmise perioodiga, %","Info ja side",3.7,-2.7,5.0,0.5,4.1,7.8,-3.3,8.9,-1.3,2.6,9.9,4.8,1.1,-0.7,3.9,9.0,-0.7,5.0,4.3,2.3
"Keskmise brutokuupalga muutus võrreldes eelmise perioodiga, %","Finants- ja kindlustustegevus",7.9,5.3,-0.2,-5.7,4.9,7.7,11.3,-4.8,-1.7,2.8,6.0,9.0,-1.2,-4.4,1.6,4.4,6.4,-1.4,-0.2,2.6
"Keskmise brutokuupalga muutus võrreldes eelmise perioodiga, %","Kinnisvaraalane tegevus",5.6,-2.5,5.2,-6.7,9.9,-0.7,-8.2,2.0,1.6,2.8,0.7,-0.2,-7.6,6.4,1.3,7.8,4.4,0.5,0.7,1.8
"Keskmise brutokuupalga muutus võrreldes eelmise perioodiga, %","Kutse-, teadus- ja tehnikaalane tegevus",7.4,-2.2,3.7,2.2,1.8,1.5,-7.9,7.2,0.7,2.6,8.0,2.1,-0.2,2.1,3.3,6.9,2.8,-2.6,4.5,0.9
"Keskmise brutokuupalga muutus võrreldes eelmise perioodiga, %","Haldus- ja abitegevused",1.2,-2.6,3.4,1.1,5.4,7.0,-4.5,7.1,-1.3,6.9,0.1,-7.8,2.5,-0.8,3.2,8.9,0.7,6.2,0.0,2.0
"Keskmise brutokuupalga muutus võrreldes eelmise perioodiga, %","Avalik haldus ja riigikaitse; kohustuslik sotsiaalkindlustus",9.2,-9.3,4.5,-0.5,14.4,9.8,-8.2,8.5,-2.6,9.2,3.1,-6.8,1.8,-0.4,6.9,3.8,-6.4,3.7,-0.5,10.3
"Keskmise brutokuupalga muutus võrreldes eelmise perioodiga, %","Haridus",13.1,-5.6,11.5,-10.2,19.8,9.1,-8.1,10.6,-8.8,15.1,4.8,-8.5,7.7,-6.9,13.3,2.5,-10.5,9.2,-7.3,13.4
"Keskmise brutokuupalga muutus võrreldes eelmise perioodiga, %","Tervishoid ja sotsiaalhoolekanne",8.9,-6.5,12.0,-1.4,5.4,10.2,-5.5,12.6,-2.0,5.4,2.4,-12.0,11.5,-1.0,6.6,13.1,-3.5,11.1,-2.8,9.8
"Keskmise brutokuupalga muutus võrreldes eelmise perioodiga, %","Kunst, meelelahutus ja vaba aeg",19.4,8.9,6.0,-8.7,14.9,3.9,-7.8,5.4,-3.7,10.5,-2.2,-10.8,0.1,2.9,3.8,10.4,-1.1,3.7,7.0,1.7
"Keskmise brutokuupalga muutus võrreldes eelmise perioodiga, %","Muud teenindavad tegevused",39.6,29.8,3.6,2.1,7.9,14.2,-0.1,6.1,0.9,4.1,6.0,-3.1,1.2,1.9,9.1,9.9,-4.0,5.9,1.2,3.2
"Keskmine kuutööjõukulu töötaja kohta, eurot","Kokku – kõik tegevusalad",1756,1667,1771,1733,1855,1886,1798,1900,1870,1974,1913,1876,1815,1933,2032,2063,1960,2033,2078,2179
"Keskmine kuutööjõukulu töötaja kohta, eurot","Põllumajandus, metsamajandus ja kalapüük",1552,1515,1532,1557,1603,1525,1496,1478,1564,1570,1604,1547,1519,1631,1723,1722,1698,1705,1683,1804
"Keskmine kuutööjõukulu töötaja kohta, eurot","Mäetööstus",2163,2087,2173,2141,2254,2291,2313,2263,2204,2395,2261,2315,1968,2300,2492,2492,2338,2527,2508,2587
"Keskmine kuutööjõukulu töötaja kohta, eurot","Töötlev tööstus",1676,1598,1698,1656,1754,1799,1715,1818,1805,1859,1795,1797,1646,1850,1890,1931,1848,1906,1964,2006
"Keskmine kuutööjõukulu töötaja kohta, eurot","Elektrienergia, gaasi, auru ja konditsioneeritud õhuga varustamine",2519,2849,2473,2323,2437,2710,3053,2607,2511,2664,2867,3182,2831,2669,2777,2876,3108,2879,2704,2810
"Keskmine kuutööjõukulu töötaja kohta, eurot","Veevarustus; kanalisatsioon; jäätme- ja saastekäitlus",1807,1749,1793,1814,1874,1838,1751,1823,1799,1981,1911,1903,1850,1898,1994,2034,1979,2014,2033,2106
"Keskmine kuutööjõukulu töötaja kohta, eurot","Ehitus",1673,1540,1675,1704,1773,1817,1700,1846,1802,1921,1802,1804,1680,1804,1928,1972,1894,1924,2012,2051
"Keskmine kuutööjõukulu töötaja kohta, eurot","Hulgi- ja jaekaubandus; mootorsõidukite ja mootorrataste remont",1643,1544,1686,1625,1718,1765,1698,1763,1765,1832,1552,1541,1398,1608,1661,1748,1633,1697,1791,1873
"Keskmine kuutööjõukulu töötaja kohta, eurot","Veondus ja laondus",1671,1618,1684,1678,1704,1812,1762,1859,1796,1831,1843,1831,1694,1908,1945,1943,1853,1921,1970,2026
"Keskmine kuutööjõukulu töötaja kohta, eurot","Majutus ja toitlustus",1146,1084,1140,1152,1207,1215,1153,1215,1254,1237,1040,1090,713,1204,1171,1154,1023,1004,1310,1275
"Keskmine kuutööjõukulu töötaja kohta, eurot","Info ja side",2923,2782,2918,2934,3057,3152,2962,3212,3170,3261,3439,3419,3347,3426,3562,3787,3526,3725,3891,4000
"Keskmine kuutööjõukulu töötaja kohta, eurot","Finants- ja kindlustustegevus",2933,2986,2979,2820,2951,3157,3275,3130,3064,3162,3336,3422,3375,3250,3295,3474,3487,3434,3443,3531
"Keskmine kuutööjõukulu töötaja kohta, eurot","Kinnisvaraalane tegevus",1410,1374,1441,1351,1480,1395,1359,1383,1399,1443,1396,1433,1298,1424,1427,1515,1510,1500,1510,1542
"Keskmine kuutööjõukulu töötaja kohta, eurot","Kutse-, teadus- ja tehnikaalane tegevus",2040,1956,2028,2071,2110,2062,1951,2075,2085,2138,2215,2204,2109,2239,2309,2377,2366,2287,2411,2440
"Keskmine kuutööjõukulu töötaja kohta, eurot","Haldus- ja abitegevused",1518,1453,1499,1515,1597,1624,1525,1636,1611,1725,1607,1591,1545,1617,1674,1749,1661,1756,1764,1808
"Keskmine kuutööjõukulu töötaja kohta, eurot","Avalik haldus ja riigikaitse; kohustuslik sotsiaalkindlustus",2164,2026,2119,2108,2403,2349,2198,2358,2308,2530,2421,2356,2385,2389,2551,2484,2352,2435,2448,2701
"Keskmine kuutööjõukulu töötaja kohta, eurot","Haridus",1634,1514,1686,1518,1812,1781,1667,1841,1681,1933,1865,1773,1896,1781,2007,1910,1796,1957,1822,2065
"Keskmine kuutööjõukulu töötaja kohta, eurot","Tervishoid ja sotsiaalhoolekanne",1815,1657,1849,1827,1926,2000,1825,2049,2008,2115,2039,1860,2036,2059,2200,2325,2123,2351,2299,2525
"Keskmine kuutööjõukulu töötaja kohta, eurot","Kunst, meelelahutus ja vaba aeg",1485,1441,1524,1391,1593,1547,1479,1555,1498,1656,1461,1455,1287,1524,1579,1615,1492,1486,1720,1749
"Keskmine kuutööjõukulu töötaja kohta, eurot","Muud teenindavad tegevused",1225,1158,1185,1246,1312,1383,1310,1386,1371,1471,1406,1374,1271,1426,1555,1617,1548,1609,1629,1680
"Keskmine kuutööjõukulu töötaja kohta, standardviga, eurot","Kokku – kõik tegevusalad",15.1,10.2,15.1,10.5,11.7,11.9,10.8,10.9,10.1,11.9,9.3,8.2,8.7,8.4,9.3,13.7,12.2,11.9,13.4,13.7
"Keskmine kuutööjõukulu töötaja kohta, standardviga, eurot","Põllumajandus, metsamajandus ja kalapüük",78.1,78.1,67.6,64.3,65.0,51.2,49.7,40.6,51.2,41.5,79.8,46.5,37.3,60.5,79.8,118.2,64.0,82.3,59.8,118.2
"Keskmine kuutööjõukulu töötaja kohta, standardviga, eurot","Mäetööstus",18.2,9.3,9.5,13.7,18.2,11.0,6.6,8.4,10.5,11.0,18.9,15.4,6.8,10.4,18.9,27.0,18.0,27.0,25.5,21.4
"Keskmine kuutööjõukulu töötaja kohta, standardviga, eurot","Töötlev tööstus",19.3,15.5,18.1,16.2,19.3,23.7,21.8,23.7,19.7,21.6,14.9,13.4,14.6,16.3,14.9,27.3,27.3,19.6,18.0,18.4
"Keskmine kuutööjõukulu töötaja kohta, standardviga, eurot","Elektrienergia, gaasi, auru ja konditsioneeritud õhuga varustamine",17.4,17.4,13.7,10.6,10.6,8.7,8.0,6.4,6.4,8.7,8.2,15.6,7.3,6.4,8.2,20.0,20.0,16.2,8.4,14.3
"Keskmine kuutööjõukulu töötaja kohta, standardviga, eurot","Veevarustus; kanalisatsioon; jäätme- ja saastekäitlus",31.6,23.4,26.6,31.6,27.2,23.5,15.5,16.4,15.5,23.5,16.3,13.5,15.2,14.0,16.3,20.8,18.9,20.0,16.8,20.8
"Keskmine kuutööjõukulu töötaja kohta, standardviga, eurot","Ehitus",51.9,44.2,51.9,50.6,48.5,85.6,57.4,70.9,58.7,85.6,58.5,49.0,45.4,52.4,58.5,63.7,63.1,63.4,61.7,63.7
"Keskmine kuutööjõukulu töötaja kohta, standardviga, eurot","Hulgi- ja jaekaubandus; mootorsõidukite ja mootorrataste remont",80.0,36.7,80.0,41.6,47.6,45.9,45.9,35.0,36.5,40.2,24.6,19.8,20.2,22.9,24.6,34.4,30.1,28.0,33.7,34.4
"Keskmine kuutööjõukulu töötaja kohta, standardviga, eurot","Veondus ja laondus",32.2,32.2,30.5,29.7,31.0,40.8,37.7,40.8,35.3,36.0,32.1,25.6,26.8,29.6,32.1,77.7,54.1,55.3,77.7,65.1
"Keskmine kuutööjõukulu töötaja kohta, standardviga, eurot","Majutus ja toitlustus",33.5,25.3,26.3,24.2,33.5,25.2,21.3,23.8,25.2,24.8,30.4,29.7,37.0,30.4,30.4,45.6,37.9,45.6,32.9,29.9
"Keskmine kuutööjõukulu töötaja kohta, standardviga, eurot","Info ja side",90.7,67.1,59.4,65.4,90.7,67.9,67.9,61.9,61.2,59.5,57.5,63.4,51.7,47.3,57.5,115.7,79.1,86.9,113.8,115.7
"Keskmine kuutööjõukulu töötaja kohta, standardviga, eurot","Finants- ja kindlustustegevus",83.0,50.5,74.4,74.9,83.0,33.1,33.1,24.9,27.6,21.4,18.5,19.1,16.4,16.1,18.5,83.6,60.2,38.4,41.5,83.6
"Keskmine kuutööjõukulu töötaja kohta, standardviga, eurot","Kinnisvaraalane tegevus",119.2,119.2,76.0,69.0,105.1,98.9,63.0,71.9,75.2,98.9,76.3,56.5,52.7,78.5,76.3,84.3,70.1,84.3,63.9,69.6
"Keskmine kuutööjõukulu töötaja kohta, standardviga, eurot","Kutse-, teadus- ja tehnikaalane tegevus",94.7,94.7,82.3,82.5,92.1,59.0,54.2,59.0,55.5,51.3,73.1,64.9,82.9,64.2,73.1,106.7,106.7,70.1,86.3,75.0
"Keskmine kuutööjõukulu töötaja kohta, standardviga, eurot","Haldus- ja abitegevused",41.0,38.3,36.8,40.4,41.0,72.6,45.2,63.9,46.2,72.6,71.5,42.5,76.0,38.2,71.5,66.2,58.4,65.2,62.1,66.2
"Keskmine kuutööjõukulu töötaja kohta, standardviga, eurot","Avalik haldus ja riigikaitse; kohustuslik sotsiaalkindlustus",0.0,0.0,0.0,0.0,0.0,0.0,0.0,0.0,0.0,0.0,2.8,2.5,3.3,2.3,2.8,7.6,4.5,5.1,5.2,7.6
"Keskmine kuutööjõukulu töötaja kohta, standardviga, eurot","Haridus",7.2,7.2,5.9,5.3,6.1,4.3,3.2,4.3,3.2,3.8,14.7,9.2,12.3,9.9,14.7,24.2,11.5,14.0,14.0,24.2
"Keskmine kuutööjõukulu töötaja kohta, standardviga, eurot","Tervishoid ja sotsiaalhoolekanne",20.9,20.9,20.8,19.1,20.7,22.3,16.9,19.3,20.1,22.3,24.1,17.6,17.8,19.3,24.1,29.6,29.0,26.4,29.6,28.8
"Keskmine kuutööjõukulu töötaja kohta, standardviga, eurot","Kunst, meelelahutus ja vaba aeg",99.1,62.2,99.1,65.0,54.6,23.8,18.2,19.4,22.5,23.8,25.0,23.6,39.7,22.1,25.0,104.2,55.7,59.9,104.2,60.3
"Keskmine kuutööjõukulu töötaja kohta, standardviga, eurot","Muud teenindavad tegevused",100.8,54.8,61.5,84.2,100.8,104.3,66.8,77.9,76.4,104.3,86.1,73.0,78.7,78.1,86.1,111.1,111.1,96.6,96.8,106.5
"Keskmine kuutööjõukulu töötaja kohta, suhteline standardviga, %","Kokku – kõik tegevusalad",0.9,0.6,0.9,0.6,0.6,0.6,0.6,0.6,0.5,0.6,0.5,0.4,0.5,0.4,0.5,0.7,0.6,0.6,0.6,0.6
"Keskmine kuutööjõukulu töötaja kohta, suhteline standardviga, %","Põllumajandus, metsamajandus ja kalapüük",5.0,5.2,4.4,4.1,4.1,3.4,3.3,2.7,3.3,2.6,5.0,3.0,2.5,3.7,4.6,6.9,3.8,4.8,3.6,6.6
"Keskmine kuutööjõukulu töötaja kohta, suhteline standardviga, %","Mäetööstus",0.8,0.4,0.4,0.6,0.8,0.5,0.3,0.4,0.5,0.5,0.8,0.7,0.3,0.5,0.8,1.1,0.8,1.1,1.0,0.8
"Keskmine kuutööjõukulu töötaja kohta, suhteline standardviga, %","Töötlev tööstus",1.2,1.0,1.1,1.0,1.1,1.3,1.3,1.3,1.1,1.2,0.8,0.7,0.9,0.9,0.8,1.4,1.5,1.0,0.9,0.9
"Keskmine kuutööjõukulu töötaja kohta, suhteline standardviga, %","Elektrienergia, gaasi, auru ja konditsioneeritud õhuga varustamine",0.7,0.6,0.6,0.5,0.4,0.3,0.3,0.2,0.3,0.3,0.3,0.5,0.3,0.2,0.3,0.7,0.6,0.6,0.3,0.5
"Keskmine kuutööjõukulu töötaja kohta, suhteline standardviga, %","Veevarustus; kanalisatsioon; jäätme- ja saastekäitlus",1.7,1.3,1.5,1.7,1.5,1.3,0.9,0.9,0.9,1.2,0.9,0.7,0.8,0.7,0.8,1.0,1.0,1.0,0.8,1.0
"Keskmine kuutööjõukulu töötaja kohta, suhteline standardviga, %","Ehitus",3.1,2.9,3.1,3.0,2.7,4.7,3.4,3.8,3.3,4.5,3.2,2.7,2.7,2.9,3.0,3.2,3.3,3.3,3.1,3.1
"Keskmine kuutööjõukulu töötaja kohta, suhteline standardviga, %","Hulgi- ja jaekaubandus; mootorsõidukite ja mootorrataste remont",4.9,2.4,4.7,2.6,2.8,2.6,2.7,2.0,2.1,2.2,1.6,1.3,1.4,1.4,1.5,2.0,1.8,1.6,1.9,1.8
"Keskmine kuutööjõukulu töötaja kohta, suhteline standardviga, %","Veondus ja laondus",1.9,2.0,1.8,1.8,1.8,2.3,2.1,2.2,2.0,2.0,1.7,1.4,1.6,1.6,1.7,4.0,2.9,2.9,3.9,3.2
"Keskmine kuutööjõukulu töötaja kohta, suhteline standardviga, %","Majutus ja toitlustus",2.9,2.3,2.3,2.1,2.8,2.1,1.8,2.0,2.0,2.0,2.9,2.7,5.2,2.5,2.6,4.0,3.7,4.5,2.5,2.3
"Keskmine kuutööjõukulu töötaja kohta, suhteline standardviga, %","Info ja side",3.1,2.4,2.0,2.2,3.0,2.2,2.3,1.9,1.9,1.8,1.7,1.9,1.5,1.4,1.6,3.1,2.2,2.3,2.9,2.9
"Keskmine kuutööjõukulu töötaja kohta, suhteline standardviga, %","Finants- ja kindlustustegevus",2.8,1.7,2.5,2.7,2.8,1.0,1.0,0.8,0.9,0.7,0.6,0.6,0.5,0.5,0.6,2.4,1.7,1.1,1.2,2.4
"Keskmine kuutööjõukulu töötaja kohta, suhteline standardviga, %","Kinnisvaraalane tegevus",8.5,8.7,5.3,5.1,7.1,7.1,4.6,5.2,5.4,6.9,5.5,3.9,4.1,5.5,5.3,5.6,4.6,5.6,4.2,4.5
"Keskmine kuutööjõukulu töötaja kohta, suhteline standardviga, %","Kutse-, teadus- ja tehnikaalane tegevus",4.6,4.8,4.1,4.0,4.4,2.9,2.8,2.8,2.7,2.4,3.3,2.9,3.9,2.9,3.2,4.5,4.5,3.1,3.6,3.1
"Keskmine kuutööjõukulu töötaja kohta, suhteline standardviga, %","Haldus- ja abitegevused",2.7,2.6,2.5,2.7,2.6,4.5,3.0,3.9,2.9,4.2,4.5,2.7,4.9,2.4,4.3,3.8,3.5,3.7,3.5,3.7
"Keskmine kuutööjõukulu töötaja kohta, suhteline standardviga, %","Avalik haldus ja riigikaitse; kohustuslik sotsiaalkindlustus",0.0,0.0,0.0,0.0,0.0,0.0,0.0,0.0,0.0,0.0,0.1,0.1,0.1,0.1,0.1,0.3,0.2,0.2,0.2,0.3
"Keskmine kuutööjõukulu töötaja kohta, suhteline standardviga, %","Haridus",0.4,0.5,0.4,0.3,0.3,0.2,0.2,0.2,0.2,0.2,0.8,0.5,0.6,0.6,0.7,1.3,0.6,0.7,0.8,1.2
"Keskmine kuutööjõukulu töötaja kohta, suhteline standardviga, %","Tervishoid ja sotsiaalhoolekanne",1.2,1.3,1.1,1.0,1.1,1.1,0.9,0.9,1.0,1.1,1.2,0.9,0.9,0.9,1.1,1.3,1.4,1.1,1.3,1.1
"Keskmine kuutööjõukulu töötaja kohta, suhteline standardviga, %","Kunst, meelelahutus ja vaba aeg",6.7,4.3,6.5,4.7,3.4,1.5,1.2,1.2,1.5,1.4,1.7,1.6,3.1,1.4,1.6,6.5,3.7,4.0,6.1,3.5
"Keskmine kuutööjõukulu töötaja kohta, suhteline standardviga, %","Muud teenindavad tegevused",8.2,4.7,5.2,6.8,7.7,7.5,5.1,5.6,5.6,7.1,6.1,5.3,6.2,5.5,5.5,6.9,7.2,6.0,5.9,6.3
"Keskmine brutotunnipalk, eurot","Kokku – kõik tegevusalad",7.56,7.38,7.50,7.51,7.85,8.13,7.90,8.22,8.01,8.40,8.50,8.37,8.69,8.28,8.65,9.00,8.99,9.07,8.84,9.09
"Keskmine brutotunnipalk, eurot","Põllumajandus, metsamajandus ja kalapüük",6.76,6.79,6.60,6.71,6.96,6.58,6.53,6.42,6.62,6.80,6.97,6.70,6.96,6.95,7.29,7.41,7.49,7.46,7.30,7.41
"Keskmine brutotunnipalk, eurot","Mäetööstus",9.15,8.77,9.07,9.25,9.54,9.43,9.29,9.65,9.23,9.57,9.47,9.42,9.17,9.52,9.82,9.92,9.69,9.97,9.89,10.11
"Keskmine brutotunnipalk, eurot","Töötlev tööstus",7.42,7.23,7.39,7.42,7.63,7.90,7.69,7.94,7.86,8.13,8.14,8.06,8.22,8.06,8.22,8.53,8.51,8.52,8.45,8.65
"Keskmine brutotunnipalk, eurot","Elektrienergia, gaasi, auru ja konditsioneeritud õhuga varustamine",10.09,10.00,10.21,9.96,10.19,10.87,10.59,11.08,10.68,11.13,11.36,11.43,11.37,11.12,11.49,11.76,11.83,12.15,11.39,11.64
"Keskmine brutotunnipalk, eurot","Veevarustus; kanalisatsioon; jäätme- ja saastekäitlus",7.79,7.45,7.76,7.91,8.06,7.99,7.74,8.01,7.88,8.33,8.34,8.31,8.44,8.17,8.42,8.71,8.66,8.87,8.63,8.68
"Keskmine brutotunnipalk, eurot","Ehitus",7.13,6.74,7.03,7.26,7.50,7.81,7.46,7.92,7.78,8.06,8.07,8.14,8.13,7.81,8.21,8.64,8.62,8.51,8.69,8.72
"Keskmine brutotunnipalk, eurot","Hulgi- ja jaekaubandus; mootorsõidukite ja mootorrataste remont",7.03,6.90,6.99,6.94,7.30,7.64,7.39,7.74,7.57,7.86,6.97,6.88,7.07,6.79,7.15,7.68,7.52,7.73,7.59,7.86
"Keskmine brutotunnipalk, eurot","Veondus ja laondus",7.12,6.96,7.06,7.12,7.35,7.68,7.51,7.93,7.53,7.77,8.09,8.04,8.13,7.96,8.21,8.36,8.38,8.36,8.31,8.39
"Keskmine brutotunnipalk, eurot","Majutus ja toitlustus",5.21,5.05,5.11,5.16,5.54,5.51,5.31,5.58,5.53,5.61,5.45,5.68,5.39,5.34,5.32,5.66,5.60,5.54,5.71,5.78
"Keskmine brutotunnipalk, eurot","Info ja side",12.13,11.71,11.97,12.17,12.69,13.20,12.66,13.32,13.03,13.75,14.62,14.51,14.91,14.34,14.69,15.72,15.43,15.75,15.64,16.04
"Keskmine brutotunnipalk, eurot","Finants- ja kindlustustegevus",12.34,12.11,12.27,12.23,12.73,13.16,12.84,13.42,12.89,13.46,13.85,13.56,14.38,13.45,14.00,14.38,14.54,14.65,13.92,14.37
"Keskmine brutotunnipalk, eurot","Kinnisvaraalane tegevus",5.98,5.84,6.01,5.86,6.21,5.92,5.68,5.92,5.80,6.29,6.29,6.25,6.16,6.28,6.48,6.79,6.68,6.70,6.77,7.04
"Keskmine brutotunnipalk, eurot","Kutse-, teadus- ja tehnikaalane tegevus",8.66,8.35,8.54,8.82,8.97,8.95,8.54,9.07,8.85,9.34,9.72,9.60,9.84,9.59,9.87,10.31,10.24,10.46,10.19,10.36
"Keskmine brutotunnipalk, eurot","Haldus- ja abitegevused",6.56,6.36,6.50,6.54,6.81,6.94,6.79,6.86,6.93,7.17,7.01,7.04,7.05,6.93,7.02,7.72,7.66,7.85,7.67,7.70
"Keskmine brutotunnipalk, eurot","Avalik haldus ja riigikaitse; kohustuslik sotsiaalkindlustus",9.06,8.90,9.08,8.91,9.34,9.99,9.75,10.24,9.67,10.27,10.60,10.40,11.12,10.18,10.67,10.85,10.98,11.17,10.42,10.79
"Keskmine brutotunnipalk, eurot","Haridus",7.27,7.22,7.17,7.07,7.54,7.98,7.88,8.04,7.64,8.22,8.50,8.46,8.76,8.00,8.61,8.71,8.86,8.85,8.29,8.68
"Keskmine brutotunnipalk, eurot","Tervishoid ja sotsiaalhoolekanne",7.78,7.39,7.84,7.76,8.13,8.53,8.01,8.87,8.36,8.87,8.80,8.27,9.13,8.68,9.13,9.70,9.45,10.01,9.38,9.93
"Keskmine brutotunnipalk, eurot","Kunst, meelelahutus ja vaba aeg",6.36,6.47,6.30,6.10,6.58,6.67,6.54,6.74,6.54,6.83,6.64,6.58,6.67,6.66,6.65,7.28,7.24,7.32,7.45,7.12
"Keskmine brutotunnipalk, eurot","Muud teenindavad tegevused",5.58,5.39,5.45,5.63,5.85,6.34,6.08,6.45,6.33,6.51,6.76,6.60,6.90,6.65,6.91,7.50,7.44,7.69,7.36,7.52
"Keskmine brutotunnipalk, standardviga, eurot","Kokku – kõik tegevusalad",0.05,0.05,0.04,0.05,0.05,0.05,0.04,0.05,0.05,0.04,0.04,0.04,0.03,0.04,0.04,0.06,0.05,0.05,0.06,0.05
"Keskmine brutotunnipalk, standardviga, eurot","Põllumajandus, metsamajandus ja kalapüük",0.37,0.37,0.27,0.28,0.32,0.22,0.22,0.16,0.21,0.16,0.24,0.19,0.17,0.19,0.24,0.27,0.27,0.26,0.24,0.26
"Keskmine brutotunnipalk, standardviga, eurot","Mäetööstus",0.07,0.04,0.04,0.06,0.07,0.05,0.03,0.04,0.05,0.04,0.04,0.05,0.03,0.05,0.04,0.09,0.07,0.07,0.09,0.08
"Keskmine brutotunnipalk, standardviga, eurot","Töötlev tööstus",0.08,0.07,0.08,0.07,0.08,0.09,0.09,0.09,0.09,0.09,0.06,0.07,0.06,0.07,0.06,0.12,0.12,0.08,0.08,0.07
"Keskmine brutotunnipalk, standardviga, eurot","Elektrienergia, gaasi, auru ja konditsioneeritud õhuga varustamine",0.05,0.04,0.05,0.05,0.05,0.04,0.03,0.02,0.03,0.04,0.03,0.03,0.02,0.02,0.03,0.05,0.04,0.05,0.03,0.04
"Keskmine brutotunnipalk, standardviga, eurot","Veevarustus; kanalisatsioon; jäätme- ja saastekäitlus",0.14,0.11,0.12,0.14,0.11,0.08,0.06,0.08,0.07,0.07,0.06,0.06,0.07,0.06,0.06,0.09,0.08,0.08,0.07,0.09
"Keskmine brutotunnipalk, standardviga, eurot","Ehitus",0.22,0.20,0.18,0.22,0.20,0.27,0.22,0.27,0.23,0.25,0.26,0.21,0.19,0.24,0.26,0.29,0.29,0.25,0.26,0.25
"Keskmine brutotunnipalk, standardviga, eurot","Hulgi- ja jaekaubandus; mootorsõidukite ja mootorrataste remont",0.18,0.16,0.18,0.16,0.17,0.16,0.14,0.15,0.16,0.16,0.10,0.08,0.08,0.09,0.10,0.12,0.10,0.12,0.12,0.12
"Keskmine brutotunnipalk, standardviga, eurot","Veondus ja laondus",0.14,0.14,0.13,0.14,0.14,0.16,0.14,0.16,0.14,0.15,0.14,0.12,0.12,0.11,0.14,0.31,0.22,0.25,0.31,0.19
"Keskmine brutotunnipalk, standardviga, eurot","Majutus ja toitlustus",0.18,0.12,0.10,0.11,0.18,0.12,0.10,0.09,0.11,0.12,0.13,0.11,0.12,0.13,0.13,0.15,0.15,0.14,0.11,0.12
"Keskmine brutotunnipalk, standardviga, eurot","Info ja side",0.35,0.35,0.27,0.33,0.33,0.30,0.28,0.29,0.30,0.28,0.26,0.29,0.24,0.25,0.26,0.49,0.37,0.40,0.49,0.47
"Keskmine brutotunnipalk, standardviga, eurot","Finants- ja kindlustustegevus",0.29,0.21,0.28,0.29,0.28,0.13,0.12,0.13,0.10,0.10,0.08,0.08,0.07,0.07,0.08,0.20,0.17,0.17,0.17,0.20
"Keskmine brutotunnipalk, standardviga, eurot","Kinnisvaraalane tegevus",0.38,0.38,0.32,0.32,0.35,0.46,0.24,0.31,0.33,0.46,0.34,0.22,0.23,0.33,0.34,0.34,0.27,0.28,0.30,0.34
"Keskmine brutotunnipalk, standardviga, eurot","Kutse-, teadus- ja tehnikaalane tegevus",0.36,0.36,0.31,0.36,0.34,0.23,0.19,0.22,0.23,0.22,0.27,0.28,0.28,0.28,0.27,0.35,0.28,0.32,0.35,0.32
"Keskmine brutotunnipalk, standardviga, eurot","Haldus- ja abitegevused",0.18,0.18,0.17,0.16,0.16,0.21,0.19,0.20,0.21,0.20,0.14,0.17,0.12,0.14,0.14,0.25,0.22,0.25,0.23,0.24
"Keskmine brutotunnipalk, standardviga, eurot","Avalik haldus ja riigikaitse; kohustuslik sotsiaalkindlustus",0.00,0.00,0.00,0.00,0.00,0.00,0.00,0.00,0.00,0.00,0.01,0.01,0.01,0.01,0.01,0.02,0.02,0.02,0.02,0.02
"Keskmine brutotunnipalk, standardviga, eurot","Haridus",0.04,0.04,0.03,0.04,0.02,0.02,0.02,0.02,0.02,0.02,0.04,0.05,0.04,0.04,0.04,0.07,0.05,0.05,0.07,0.06
"Keskmine brutotunnipalk, standardviga, eurot","Tervishoid ja sotsiaalhoolekanne",0.09,0.09,0.09,0.09,0.09,0.09,0.08,0.09,0.08,0.09,0.09,0.07,0.08,0.08,0.09,0.15,0.13,0.11,0.13,0.15
"Keskmine brutotunnipalk, standardviga, eurot","Kunst, meelelahutus ja vaba aeg",0.34,0.26,0.26,0.34,0.23,0.12,0.10,0.12,0.09,0.09,0.10,0.13,0.12,0.12,0.10,0.51,0.20,0.21,0.51,0.19
"Keskmine brutotunnipalk, standardviga, eurot","Muud teenindavad tegevused",0.46,0.23,0.29,0.43,0.46,0.37,0.29,0.37,0.30,0.30,0.33,0.34,0.40,0.29,0.33,0.44,0.44,0.44,0.44,0.44
"Keskmine brutotunnipalk, suhteline standardviga, %","Kokku – kõik tegevusalad",0.6,0.6,0.6,0.6,0.6,0.6,0.5,0.5,0.6,0.5,0.4,0.4,0.4,0.5,0.4,0.7,0.6,0.6,0.7,0.6
"Keskmine brutotunnipalk, suhteline standardviga, %","Põllumajandus, metsamajandus ja kalapüük",5.5,5.5,4.0,4.1,4.6,3.4,3.4,2.4,3.1,2.3,3.5,2.8,2.4,2.7,3.3,3.6,3.6,3.5,3.3,3.4
"Keskmine brutotunnipalk, suhteline standardviga, %","Mäetööstus",0.7,0.4,0.4,0.6,0.7,0.5,0.3,0.4,0.5,0.4,0.4,0.5,0.3,0.5,0.4,0.9,0.7,0.7,0.9,0.8
"Keskmine brutotunnipalk, suhteline standardviga, %","Töötlev tööstus",1.1,1.0,1.1,1.0,1.0,1.2,1.2,1.2,1.2,1.1,0.7,0.8,0.7,0.9,0.7,1.4,1.5,0.9,0.9,0.8
"Keskmine brutotunnipalk, suhteline standardviga, %","Elektrienergia, gaasi, auru ja konditsioneeritud õhuga varustamine",0.5,0.4,0.5,0.5,0.5,0.3,0.3,0.2,0.3,0.3,0.2,0.2,0.2,0.2,0.2,0.4,0.3,0.4,0.3,0.4
"Keskmine brutotunnipalk, suhteline standardviga, %","Veevarustus; kanalisatsioon; jäätme- ja saastekäitlus",1.8,1.5,1.5,1.7,1.4,1.0,0.8,1.0,0.9,0.9,0.7,0.8,0.8,0.7,0.7,1.0,1.0,0.9,0.9,1.0
"Keskmine brutotunnipalk, suhteline standardviga, %","Ehitus",3.1,2.9,2.6,3.1,2.7,3.4,2.9,3.4,2.9,3.1,3.2,2.6,2.3,3.0,3.2,3.4,3.3,2.9,3.0,2.9
"Keskmine brutotunnipalk, suhteline standardviga, %","Hulgi- ja jaekaubandus; mootorsõidukite ja mootorrataste remont",2.5,2.4,2.5,2.3,2.3,2.0,1.9,2.0,2.1,2.0,1.5,1.1,1.1,1.3,1.4,1.6,1.4,1.5,1.6,1.5
"Keskmine brutotunnipalk, suhteline standardviga, %","Veondus ja laondus",2.0,2.0,1.9,1.9,1.9,2.1,1.9,2.0,1.8,1.9,1.7,1.5,1.5,1.4,1.7,3.7,2.7,3.0,3.7,2.2
"Keskmine brutotunnipalk, suhteline standardviga, %","Majutus ja toitlustus",3.4,2.4,1.9,2.1,3.2,2.1,1.8,1.7,2.1,2.1,2.4,2.0,2.2,2.5,2.5,2.7,2.7,2.5,1.9,2.2
"Keskmine brutotunnipalk, suhteline standardviga, %","Info ja side",2.9,3.0,2.3,2.7,2.6,2.3,2.2,2.1,2.3,2.0,1.8,2.0,1.6,1.7,1.8,3.1,2.4,2.5,3.2,2.9
"Keskmine brutotunnipalk, suhteline standardviga, %","Finants- ja kindlustustegevus",2.3,1.7,2.3,2.4,2.2,1.0,0.9,1.0,0.8,0.8,0.6,0.6,0.5,0.5,0.6,1.4,1.1,1.2,1.2,1.4
"Keskmine brutotunnipalk, suhteline standardviga, %","Kinnisvaraalane tegevus",6.3,6.5,5.3,5.4,5.6,7.8,4.2,5.2,5.6,7.3,5.5,3.6,3.8,5.3,5.3,5.0,4.0,4.2,4.4,4.8
"Keskmine brutotunnipalk, suhteline standardviga, %","Kutse-, teadus- ja tehnikaalane tegevus",4.2,4.3,3.6,4.1,3.8,2.5,2.2,2.5,2.6,2.3,2.8,2.9,2.8,2.9,2.8,3.4,2.7,3.1,3.4,3.1
"Keskmine brutotunnipalk, suhteline standardviga, %","Haldus- ja abitegevused",2.7,2.8,2.7,2.5,2.4,3.0,2.8,2.9,3.0,2.8,1.9,2.4,1.8,2.0,1.9,3.2,2.9,3.2,3.0,3.1
"Keskmine brutotunnipalk, suhteline standardviga, %","Avalik haldus ja riigikaitse; kohustuslik sotsiaalkindlustus",0.0,0.0,0.0,0.0,0.0,0.0,0.0,0.0,0.0,0.0,0.1,0.1,0.1,0.1,0.1,0.2,0.2,0.2,0.2,0.2
"Keskmine brutotunnipalk, suhteline standardviga, %","Haridus",0.5,0.5,0.4,0.5,0.3,0.3,0.2,0.3,0.3,0.2,0.5,0.5,0.5,0.6,0.5,0.8,0.6,0.6,0.9,0.7
"Keskmine brutotunnipalk, suhteline standardviga, %","Tervishoid ja sotsiaalhoolekanne",1.2,1.3,1.2,1.1,1.1,1.0,1.0,1.0,1.0,1.0,1.0,0.9,0.8,0.9,1.0,1.5,1.4,1.1,1.4,1.5
"Keskmine brutotunnipalk, suhteline standardviga, %","Kunst, meelelahutus ja vaba aeg",5.4,4.0,4.1,5.6,3.6,1.8,1.5,1.7,1.4,1.3,1.6,2.0,1.8,1.8,1.6,7.0,2.7,2.8,6.8,2.7
"Keskmine brutotunnipalk, suhteline standardviga, %","Muud teenindavad tegevused",8.3,4.3,5.3,7.6,7.9,5.8,4.8,5.7,4.7,4.6,4.8,5.1,5.8,4.4,4.7,5.9,6.0,5.7,5.9,5.9
"Täistööajaga töötaja keskmine brutotunnipalk, eurot","Kokku – kõik tegevusalad",7.69,7.51,7.62,7.65,7.98,8.26,8.02,8.36,8.14,8.53,8.64,8.51,8.83,8.42,8.80,9.15,9.13,9.22,9.00,9.25
"Täistööajaga töötaja keskmine brutotunnipalk, eurot","Põllumajandus, metsamajandus ja kalapüük",6.87,6.93,6.71,6.80,7.07,6.66,6.61,6.52,6.68,6.86,7.07,6.80,7.02,7.07,7.41,7.48,7.59,7.57,7.35,7.42
"Täistööajaga töötaja keskmine brutotunnipalk, eurot","Mäetööstus",9.18,8.79,9.10,9.31,9.57,9.46,9.32,9.67,9.27,9.60,9.51,9.45,9.20,9.58,9.86,9.94,9.73,10.02,9.92,10.10
"Täistööajaga töötaja keskmine brutotunnipalk, eurot","Töötlev tööstus",7.47,7.29,7.45,7.46,7.68,7.96,7.73,8.00,7.93,8.18,8.19,8.12,8.27,8.13,8.27,8.59,8.57,8.58,8.50,8.71
"Täistööajaga töötaja keskmine brutotunnipalk, eurot","Elektrienergia, gaasi, auru ja konditsioneeritud õhuga varustamine",10.16,10.07,10.28,10.01,10.27,10.95,10.67,11.16,10.76,11.21,11.43,11.50,11.43,11.18,11.57,11.82,11.90,12.23,11.45,11.70
"Täistööajaga töötaja keskmine brutotunnipalk, eurot","Veevarustus; kanalisatsioon; jäätme- ja saastekäitlus",7.84,7.51,7.80,7.97,8.14,8.04,7.79,8.05,7.94,8.38,8.39,8.35,8.50,8.22,8.47,8.78,8.70,8.93,8.71,8.78
"Täistööajaga töötaja keskmine brutotunnipalk, eurot","Ehitus",7.19,6.82,7.10,7.30,7.54,7.83,7.51,7.94,7.79,8.08,8.10,8.13,8.16,7.83,8.28,8.72,8.68,8.56,8.80,8.82
"Täistööajaga töötaja keskmine brutotunnipalk, eurot","Hulgi- ja jaekaubandus; mootorsõidukite ja mootorrataste remont",7.18,7.05,7.12,7.10,7.48,7.83,7.57,7.95,7.78,8.04,7.13,7.04,7.21,6.94,7.32,7.86,7.69,7.91,7.78,8.04
"Täistööajaga töötaja keskmine brutotunnipalk, eurot","Veondus ja laondus",7.21,7.06,7.16,7.20,7.44,7.78,7.61,8.03,7.62,7.88,8.15,8.11,8.18,8.03,8.30,8.44,8.44,8.44,8.39,8.48
"Täistööajaga töötaja keskmine brutotunnipalk, eurot","Majutus ja toitlustus",5.30,5.13,5.20,5.21,5.66,5.59,5.40,5.68,5.59,5.69,5.47,5.77,5.43,5.33,5.28,5.69,5.60,5.55,5.78,5.82
"Täistööajaga töötaja keskmine brutotunnipalk, eurot","Info ja side",12.36,11.93,12.16,12.38,12.96,13.46,12.90,13.60,13.29,14.03,14.91,14.79,15.21,14.64,14.99,15.96,15.67,15.98,15.87,16.32
"Täistööajaga töötaja keskmine brutotunnipalk, eurot","Finants- ja kindlustustegevus",12.46,12.26,12.40,12.33,12.83,13.23,12.93,13.52,12.94,13.54,13.95,13.67,14.48,13.55,14.10,14.47,14.64,14.76,14.02,14.45
"Täistööajaga töötaja keskmine brutotunnipalk, eurot","Kinnisvaraalane tegevus",6.96,6.84,6.98,6.81,7.23,6.58,6.34,6.59,6.38,7.03,7.22,7.02,7.02,7.29,7.57,7.55,7.39,7.34,7.59,7.89
"Täistööajaga töötaja keskmine brutotunnipalk, eurot","Kutse-, teadus- ja tehnikaalane tegevus",8.81,8.51,8.65,8.97,9.16,9.12,8.68,9.23,9.02,9.57,9.96,9.82,10.18,9.83,10.04,10.62,10.56,10.75,10.52,10.63
"Täistööajaga töötaja keskmine brutotunnipalk, eurot","Haldus- ja abitegevused",6.88,6.73,6.80,6.87,7.12,7.27,7.12,7.19,7.24,7.54,7.32,7.41,7.34,7.19,7.33,8.12,8.01,8.25,8.08,8.12
"Täistööajaga töötaja keskmine brutotunnipalk, eurot","Avalik haldus ja riigikaitse; kohustuslik sotsiaalkindlustus",9.10,8.94,9.12,8.95,9.38,10.03,9.79,10.28,9.71,10.31,10.64,10.44,11.16,10.21,10.71,10.89,11.02,11.22,10.45,10.82
"Täistööajaga töötaja keskmine brutotunnipalk, eurot","Haridus",7.25,7.20,7.16,7.05,7.52,7.98,7.89,8.06,7.63,8.22,8.47,8.43,8.75,7.95,8.58,8.69,8.87,8.84,8.26,8.65
"Täistööajaga töötaja keskmine brutotunnipalk, eurot","Tervishoid ja sotsiaalhoolekanne",7.53,7.15,7.57,7.52,7.86,8.28,7.75,8.64,8.13,8.62,8.65,8.16,8.99,8.51,8.95,9.49,9.24,9.81,9.20,9.70
"Täistööajaga töötaja keskmine brutotunnipalk, eurot","Kunst, meelelahutus ja vaba aeg",6.62,6.68,6.47,6.58,6.74,6.86,6.72,6.95,6.73,7.03,6.77,6.72,6.77,6.83,6.78,7.30,7.29,7.41,7.27,7.23
"Täistööajaga töötaja keskmine brutotunnipalk, eurot","Muud teenindavad tegevused",5.63,5.45,5.49,5.67,5.90,6.36,6.10,6.36,6.42,6.59,6.82,6.67,6.87,6.72,7.07,7.68,7.56,7.88,7.54,7.74
"Osalise tööajaga töötaja keskmine brutotunnipalk, eurot","Kokku – kõik tegevusalad",6.23,6.01,6.23,6.06,6.57,6.79,6.62,6.84,6.58,7.10,7.25,7.07,7.51,7.02,7.39,7.65,7.72,7.76,7.41,7.71
"Osalise tööajaga töötaja keskmine brutotunnipalk, eurot","Põllumajandus, metsamajandus ja kalapüük",4.93,4.69,4.86,4.96,5.21,5.25,5.14,5.03,5.31,5.66,5.88,5.61,6.24,5.77,5.91,6.62,6.33,6.38,6.62,7.28
"Osalise tööajaga töötaja keskmine brutotunnipalk, eurot","Mäetööstus",7.25,7.65,7.45,6.40,7.81,7.40,7.11,8.11,6.94,7.50,7.60,7.34,7.78,7.24,8.17,9.15,8.35,8.13,9.33,10.36
"Osalise tööajaga töötaja keskmine brutotunnipalk, eurot","Töötlev tööstus",5.50,4.99,5.29,5.80,5.97,5.99,6.11,6.00,5.49,6.32,6.61,6.34,6.93,6.41,6.76,6.98,6.95,6.93,6.92,7.11
"Osalise tööajaga töötaja keskmine brutotunnipalk, eurot","Elektrienergia, gaasi, auru ja konditsioneeritud õhuga varustamine",7.17,7.14,7.30,7.28,6.99,7.74,7.55,7.90,7.50,8.03,8.58,8.40,8.89,8.55,8.49,8.58,8.79,8.56,8.56,8.41
"Osalise tööajaga töötaja keskmine brutotunnipalk, eurot","Veevarustus; kanalisatsioon; jäätme- ja saastekäitlus",6.64,6.35,6.74,6.76,6.77,7.04,6.81,7.26,6.88,7.21,7.23,7.40,7.04,7.09,7.39,7.25,7.68,7.51,7.08,6.80
"Osalise tööajaga töötaja keskmine brutotunnipalk, eurot","Ehitus",6.18,5.46,5.84,6.45,6.88,7.33,6.47,7.42,7.71,7.71,7.68,8.22,7.82,7.44,7.35,7.63,7.97,7.75,7.36,7.42
"Osalise tööajaga töötaja keskmine brutotunnipalk, eurot","Hulgi- ja jaekaubandus; mootorsõidukite ja mootorrataste remont",4.98,4.89,5.04,4.89,5.10,5.49,5.42,5.37,5.40,5.79,5.75,5.49,5.98,5.70,5.85,6.19,6.04,6.25,6.11,6.33
"Osalise tööajaga töötaja keskmine brutotunnipalk, eurot","Veondus ja laondus",5.18,5.14,5.05,5.40,5.15,5.43,5.32,5.44,5.40,5.55,6.87,6.75,7.30,6.72,6.68,7.03,7.22,7.10,6.98,6.83
"Osalise tööajaga töötaja keskmine brutotunnipalk, eurot","Majutus ja toitlustus",4.78,4.60,4.67,4.89,4.94,5.12,4.89,5.11,5.21,5.26,5.34,5.27,5.22,5.40,5.48,5.52,5.60,5.54,5.37,5.60
"Osalise tööajaga töötaja keskmine brutotunnipalk, eurot","Info ja side",8.48,8.15,8.82,8.49,8.47,8.81,8.52,8.73,8.79,9.17,10.57,10.26,11.56,10.12,10.12,11.13,11.11,11.19,11.14,11.08
"Osalise tööajaga töötaja keskmine brutotunnipalk, eurot","Finants- ja kindlustustegevus",9.93,9.21,9.65,10.26,10.59,11.68,11.12,11.52,11.89,12.15,11.91,11.63,12.30,11.63,12.08,12.57,12.88,12.55,12.09,12.72
"Osalise tööajaga töötaja keskmine brutotunnipalk, eurot","Kinnisvaraalane tegevus",4.07,3.90,4.12,4.04,4.25,4.50,4.35,4.48,4.54,4.65,5.04,5.26,4.99,4.93,4.92,5.47,5.35,5.55,5.38,5.58
"Osalise tööajaga töötaja keskmine brutotunnipalk, eurot","Kutse-, teadus- ja tehnikaalane tegevus",7.17,6.82,7.37,7.25,7.29,7.45,7.44,7.69,7.22,7.42,7.91,7.95,7.49,7.81,8.47,8.14,8.05,8.55,7.74,8.18
"Osalise tööajaga töötaja keskmine brutotunnipalk, eurot","Haldus- ja abitegevused",4.75,4.38,4.83,4.77,5.00,4.97,4.83,4.96,5.01,5.06,5.58,5.35,5.72,5.65,5.63,5.73,5.92,5.81,5.65,5.58
"Osalise tööajaga töötaja keskmine brutotunnipalk, eurot","Avalik haldus ja riigikaitse; kohustuslik sotsiaalkindlustus",7.46,7.26,7.32,7.36,7.86,8.53,8.25,8.76,8.23,8.84,9.14,9.00,9.57,8.85,9.12,9.52,9.52,9.69,9.29,9.56
"Osalise tööajaga töötaja keskmine brutotunnipalk, eurot","Haridus",7.35,7.32,7.20,7.19,7.62,7.98,7.85,7.97,7.74,8.26,8.63,8.56,8.80,8.29,8.75,8.78,8.82,8.88,8.47,8.81
"Osalise tööajaga töötaja keskmine brutotunnipalk, eurot","Tervishoid ja sotsiaalhoolekanne",9.12,8.68,9.27,9.00,9.50,9.62,9.20,9.93,9.42,9.91,9.52,8.80,9.83,9.48,9.99,10.64,10.41,10.91,10.23,10.98
"Osalise tööajaga töötaja keskmine brutotunnipalk, eurot","Kunst, meelelahutus ja vaba aeg",4.96,5.07,5.15,4.42,5.50,5.58,5.60,5.56,5.48,5.68,5.78,5.65,6.06,5.63,5.78,7.19,6.97,6.86,8.24,6.52
"Osalise tööajaga töötaja keskmine brutotunnipalk, eurot","Muud teenindavad tegevused",5.35,5.11,5.27,5.43,5.61,6.25,6.00,6.80,6.01,6.24,6.60,6.40,7.00,6.49,6.60,6.90,7.07,7.09,6.69,6.73
"Keskmine tööjõukulu tunnis, eurot","Kokku – kõik tegevusalad",11.61,10.81,11.46,12.21,12.01,12.50,11.60,12.54,13.08,12.81,12.87,12.22,12.61,13.58,13.14,13.73,12.95,13.52,14.47,14.00
"Keskmine tööjõukulu tunnis, eurot","Põllumajandus, metsamajandus ja kalapüük",9.80,9.72,9.44,9.71,10.35,9.74,9.75,9.43,9.67,10.22,10.24,10.04,9.84,10.06,11.06,10.97,11.08,10.88,10.53,11.42
"Keskmine tööjõukulu tunnis, eurot","Mäetööstus",14.73,13.82,14.55,15.34,15.29,16.03,15.32,16.11,16.51,16.33,15.21,15.25,13.20,16.10,16.52,16.51,15.63,16.20,16.84,17.37
"Keskmine tööjõukulu tunnis, eurot","Töötlev tööstus",11.22,10.49,11.01,11.92,11.52,11.99,11.16,11.96,12.70,12.22,12.15,11.74,11.53,12.88,12.46,12.92,12.31,12.68,13.52,13.20
"Keskmine tööjõukulu tunnis, eurot","Elektrienergia, gaasi, auru ja konditsioneeritud õhuga varustamine",16.76,18.19,16.41,16.75,15.67,18.12,19.43,17.75,18.07,17.18,18.79,20.06,18.37,18.90,17.79,19.39,20.18,19.90,19.46,18.08
"Keskmine tööjõukulu tunnis, eurot","Veevarustus; kanalisatsioon; jäätme- ja saastekäitlus",12.34,11.46,12.11,13.03,12.89,12.43,11.65,12.35,12.51,13.24,12.77,12.44,12.53,13.04,13.07,13.58,13.11,13.61,13.98,13.63
"Keskmine tööjõukulu tunnis, eurot","Ehitus",10.57,9.95,10.42,10.70,11.21,11.65,10.92,11.83,11.58,12.27,11.77,11.92,11.37,11.50,12.32,12.72,12.53,12.59,12.70,13.05
"Keskmine tööjõukulu tunnis, eurot","Hulgi- ja jaekaubandus; mootorsõidukite ja mootorrataste remont",10.61,9.92,10.83,10.82,10.90,11.43,10.83,11.52,11.66,11.70,10.22,9.99,9.73,10.59,10.57,11.44,10.86,11.25,11.78,11.86
"Keskmine tööjõukulu tunnis, eurot","Veondus ja laondus",10.77,10.41,10.70,10.97,11.00,11.76,11.39,12.13,11.73,11.77,12.15,11.95,11.61,12.55,12.48,12.52,12.05,12.45,12.72,12.81
"Keskmine tööjõukulu tunnis, eurot","Majutus ja toitlustus",7.58,7.25,7.43,7.70,7.94,7.99,7.60,8.05,8.23,8.07,7.53,7.91,6.18,7.92,7.82,7.77,7.45,6.85,8.35,8.31
"Keskmine tööjõukulu tunnis, eurot","Info ja side",18.98,17.78,18.76,19.81,19.59,20.67,18.95,21.11,21.58,21.09,22.32,21.67,22.06,23.07,22.50,24.52,22.55,24.17,26.10,25.26
"Keskmine tööjõukulu tunnis, eurot","Finants- ja kindlustustegevus",19.93,19.65,19.66,20.38,20.04,21.37,21.48,21.42,21.69,20.89,21.90,21.71,22.18,22.44,21.30,23.19,22.55,23.06,24.27,22.96
"Keskmine tööjõukulu tunnis, eurot","Kinnisvaraalane tegevus",8.86,8.56,9.06,8.62,9.26,8.61,8.28,8.43,8.88,8.88,8.94,9.11,8.47,9.24,8.92,9.81,9.82,9.60,10.09,9.75
"Keskmine tööjõukulu tunnis, eurot","Kutse-, teadus- ja tehnikaalane tegevus",13.06,12.41,12.69,13.79,13.45,13.10,12.26,13.22,13.36,13.57,14.01,13.50,13.69,14.46,14.45,15.04,14.99,14.48,15.58,15.11
"Keskmine tööjõukulu tunnis, eurot","Haldus- ja abitegevused",9.83,9.35,9.65,10.02,10.28,10.56,9.93,10.57,10.61,11.15,10.61,10.39,10.58,10.61,10.86,11.35,11.01,11.44,11.51,11.44
"Keskmine tööjõukulu tunnis, eurot","Avalik haldus ja riigikaitse; kohustuslik sotsiaalkindlustus",14.80,13.22,14.27,16.11,15.77,16.16,14.26,16.25,17.52,16.80,16.53,15.21,16.38,18.00,16.73,17.12,15.37,16.86,18.72,17.77
"Keskmine tööjõukulu tunnis, eurot","Haridus",12.01,10.07,11.65,15.67,12.02,13.14,11.02,12.96,17.19,12.90,13.87,11.82,13.87,18.02,13.28,14.30,12.24,13.99,18.87,13.75
"Keskmine tööjõukulu tunnis, eurot","Tervishoid ja sotsiaalhoolekanne",11.98,10.68,11.95,12.96,12.41,13.24,11.67,13.54,14.18,13.64,13.62,12.04,13.98,14.41,14.13,15.35,13.74,15.59,16.11,15.97
"Keskmine tööjõukulu tunnis, eurot","Kunst, meelelahutus ja vaba aeg",9.65,9.07,9.69,9.88,9.96,10.15,9.14,10.21,10.92,10.41,9.89,9.20,9.48,11.08,9.94,10.75,9.79,9.95,12.27,10.94
"Keskmine tööjõukulu tunnis, eurot","Muud teenindavad tegevused",7.81,7.30,7.41,8.23,8.29,8.88,8.18,8.77,9.24,9.39,9.25,8.64,8.77,9.91,9.78,10.28,10.08,10.24,10.39,10.38
"Keskmine tööjõukulu tunnis, standardviga, eurot","Kokku – kõik tegevusalad",0.10,0.07,0.10,0.08,0.08,0.08,0.07,0.07,0.08,0.08,0.06,0.05,0.06,0.06,0.06,0.10,0.08,0.08,0.10,0.09
"Keskmine tööjõukulu tunnis, standardviga, eurot","Põllumajandus, metsamajandus ja kalapüük",0.50,0.50,0.43,0.38,0.48,0.37,0.37,0.29,0.34,0.29,0.51,0.31,0.26,0.33,0.51,0.74,0.43,0.53,0.37,0.74
"Keskmine tööjõukulu tunnis, standardviga, eurot","Mäetööstus",0.13,0.06,0.06,0.10,0.13,0.09,0.05,0.08,0.09,0.09,0.14,0.10,0.05,0.09,0.14,0.18,0.11,0.17,0.18,0.14
"Keskmine tööjõukulu tunnis, standardviga, eurot","Töötlev tööstus",0.13,0.10,0.11,0.12,0.13,0.17,0.13,0.16,0.17,0.15,0.11,0.10,0.10,0.10,0.11,0.17,0.17,0.13,0.12,0.13
"Keskmine tööjõukulu tunnis, standardviga, eurot","Elektrienergia, gaasi, auru ja konditsioneeritud õhuga varustamine",0.11,0.11,0.09,0.09,0.09,0.07,0.05,0.05,0.05,0.07,0.05,0.10,0.05,0.05,0.05,0.13,0.13,0.11,0.07,0.09
"Keskmine tööjõukulu tunnis, standardviga, eurot","Veevarustus; kanalisatsioon; jäätme- ja saastekäitlus",0.25,0.17,0.19,0.25,0.20,0.17,0.11,0.15,0.14,0.17,0.12,0.09,0.12,0.11,0.12,0.15,0.13,0.13,0.13,0.15
"Keskmine tööjõukulu tunnis, standardviga, eurot","Ehitus",0.34,0.29,0.33,0.34,0.34,0.58,0.37,0.46,0.36,0.58,0.38,0.32,0.29,0.36,0.38,0.43,0.40,0.43,0.41,0.42
"Keskmine tööjõukulu tunnis, standardviga, eurot","Hulgi- ja jaekaubandus; mootorsõidukite ja mootorrataste remont",0.51,0.23,0.51,0.29,0.29,0.29,0.29,0.23,0.25,0.26,0.16,0.13,0.13,0.16,0.16,0.22,0.19,0.18,0.22,0.22
"Keskmine tööjõukulu tunnis, standardviga, eurot","Veondus ja laondus",0.21,0.21,0.19,0.21,0.21,0.28,0.25,0.28,0.23,0.24,0.21,0.17,0.19,0.20,0.21,0.54,0.36,0.37,0.54,0.48
"Keskmine tööjõukulu tunnis, standardviga, eurot","Majutus ja toitlustus",0.25,0.19,0.16,0.19,0.25,0.19,0.14,0.14,0.19,0.17,0.22,0.19,0.33,0.21,0.22,0.32,0.27,0.32,0.20,0.19
"Keskmine tööjõukulu tunnis, standardviga, eurot","Info ja side",0.63,0.47,0.39,0.45,0.63,0.46,0.40,0.40,0.46,0.40,0.36,0.40,0.34,0.30,0.36,0.81,0.52,0.54,0.81,0.73
"Keskmine tööjõukulu tunnis, standardviga, eurot","Finants- ja kindlustustegevus",0.63,0.34,0.52,0.63,0.44,0.22,0.22,0.19,0.19,0.16,0.11,0.13,0.11,0.11,0.11,0.52,0.39,0.25,0.27,0.52
"Keskmine tööjõukulu tunnis, standardviga, eurot","Kinnisvaraalane tegevus",0.74,0.74,0.48,0.45,0.70,0.63,0.40,0.46,0.53,0.63,0.49,0.37,0.35,0.52,0.49,0.52,0.46,0.52,0.48,0.45
"Keskmine tööjõukulu tunnis, standardviga, eurot","Kutse-, teadus- ja tehnikaalane tegevus",0.62,0.62,0.54,0.61,0.61,0.41,0.34,0.41,0.36,0.35,0.48,0.40,0.54,0.43,0.48,0.67,0.67,0.44,0.61,0.46
"Keskmine tööjõukulu tunnis, standardviga, eurot","Haldus- ja abitegevused",0.28,0.24,0.24,0.28,0.28,0.46,0.28,0.44,0.32,0.46,0.47,0.28,0.54,0.25,0.47,0.42,0.35,0.42,0.39,0.42
"Keskmine tööjõukulu tunnis, standardviga, eurot","Avalik haldus ja riigikaitse; kohustuslik sotsiaalkindlustus",0.00,0.00,0.00,0.00,0.00,0.00,0.00,0.00,0.00,0.00,0.02,0.02,0.02,0.02,0.02,0.05,0.03,0.04,0.04,0.05
"Keskmine tööjõukulu tunnis, standardviga, eurot","Haridus",0.15,0.05,0.05,0.15,0.04,0.06,0.03,0.04,0.06,0.03,0.10,0.07,0.11,0.35,0.10,0.46,0.08,0.13,0.46,0.17
"Keskmine tööjõukulu tunnis, standardviga, eurot","Tervishoid ja sotsiaalhoolekanne",0.14,0.13,0.13,0.14,0.14,0.17,0.11,0.13,0.17,0.14,0.16,0.11,0.13,0.14,0.16,0.28,0.20,0.18,0.24,0.28
"Keskmine tööjõukulu tunnis, standardviga, eurot","Kunst, meelelahutus ja vaba aeg",0.62,0.37,0.62,0.55,0.34,0.24,0.13,0.23,0.24,0.16,0.18,0.15,0.27,0.21,0.18,0.65,0.38,0.39,0.65,0.39
"Keskmine tööjõukulu tunnis, standardviga, eurot","Muud teenindavad tegevused",0.69,0.33,0.40,0.58,0.69,0.70,0.42,0.52,0.52,0.70,0.55,0.46,0.56,0.65,0.55,0.73,0.73,0.61,0.64,0.63
"Keskmine tööjõukulu tunnis, suhteline standardviga, %","Kokku – kõik tegevusalad",0.8,0.6,0.9,0.7,0.6,0.6,0.6,0.6,0.6,0.6,0.5,0.4,0.5,0.5,0.5,0.7,0.6,0.6,0.7,0.7
"Keskmine tööjõukulu tunnis, suhteline standardviga, %","Põllumajandus, metsamajandus ja kalapüük",5.1,5.2,4.5,4.0,4.6,3.8,3.8,3.0,3.5,2.9,4.9,3.1,2.6,3.3,4.6,6.8,3.8,4.9,3.5,6.5
"Keskmine tööjõukulu tunnis, suhteline standardviga, %","Mäetööstus",0.9,0.5,0.4,0.7,0.8,0.6,0.3,0.5,0.6,0.5,0.9,0.7,0.4,0.6,0.8,1.1,0.7,1.1,1.1,0.8
"Keskmine tööjõukulu tunnis, suhteline standardviga, %","Töötlev tööstus",1.1,1.0,1.0,1.0,1.1,1.4,1.2,1.3,1.3,1.2,0.9,0.8,0.9,0.8,0.9,1.3,1.4,1.0,0.9,1.0
"Keskmine tööjõukulu tunnis, suhteline standardviga, %","Elektrienergia, gaasi, auru ja konditsioneeritud õhuga varustamine",0.7,0.6,0.6,0.5,0.6,0.4,0.3,0.3,0.3,0.4,0.3,0.5,0.3,0.3,0.3,0.7,0.6,0.6,0.4,0.5
"Keskmine tööjõukulu tunnis, suhteline standardviga, %","Veevarustus; kanalisatsioon; jäätme- ja saastekäitlus",2.0,1.5,1.6,1.9,1.5,1.3,0.9,1.2,1.1,1.2,0.9,0.7,1.0,0.8,0.9,1.1,1.0,1.0,0.9,1.1
"Keskmine tööjõukulu tunnis, suhteline standardviga, %","Ehitus",3.3,2.9,3.1,3.2,3.0,5.0,3.4,3.9,3.1,4.7,3.2,2.7,2.6,3.1,3.1,3.4,3.2,3.4,3.2,3.2
"Keskmine tööjõukulu tunnis, suhteline standardviga, %","Hulgi- ja jaekaubandus; mootorsõidukite ja mootorrataste remont",4.8,2.4,4.7,2.7,2.7,2.6,2.7,2.0,2.1,2.2,1.5,1.3,1.4,1.5,1.5,1.9,1.7,1.6,1.8,1.8
"Keskmine tööjõukulu tunnis, suhteline standardviga, %","Veondus ja laondus",2.0,2.0,1.8,1.9,1.9,2.4,2.2,2.3,2.0,2.0,1.7,1.4,1.7,1.6,1.7,4.3,3.0,3.0,4.2,3.7
"Keskmine tööjõukulu tunnis, suhteline standardviga, %","Majutus ja toitlustus",3.3,2.6,2.1,2.5,3.2,2.3,1.8,1.8,2.3,2.1,2.9,2.4,5.3,2.7,2.8,4.1,3.6,4.6,2.4,2.3
"Keskmine tööjõukulu tunnis, suhteline standardviga, %","Info ja side",3.3,2.7,2.1,2.3,3.2,2.2,2.1,1.9,2.1,1.9,1.6,1.8,1.5,1.3,1.6,3.3,2.3,2.3,3.1,2.9
"Keskmine tööjõukulu tunnis, suhteline standardviga, %","Finants- ja kindlustustegevus",3.2,1.7,2.6,3.1,2.2,1.0,1.0,0.9,0.9,0.8,0.5,0.6,0.5,0.5,0.5,2.2,1.7,1.1,1.1,2.3
"Keskmine tööjõukulu tunnis, suhteline standardviga, %","Kinnisvaraalane tegevus",8.4,8.7,5.3,5.3,7.5,7.3,4.8,5.5,6.0,7.1,5.5,4.1,4.1,5.6,5.5,5.3,4.7,5.4,4.7,4.7
"Keskmine tööjõukulu tunnis, suhteline standardviga, %","Kutse-, teadus- ja tehnikaalane tegevus",4.7,5.0,4.3,4.4,4.6,3.1,2.8,3.1,2.7,2.6,3.4,2.9,3.9,3.0,3.3,4.5,4.5,3.0,3.9,3.1
"Keskmine tööjõukulu tunnis, suhteline standardviga, %","Haldus- ja abitegevused",2.8,2.6,2.5,2.8,2.7,4.4,2.8,4.1,3.0,4.2,4.4,2.7,5.1,2.3,4.3,3.7,3.2,3.7,3.4,3.7
"Keskmine tööjõukulu tunnis, suhteline standardviga, %","Avalik haldus ja riigikaitse; kohustuslik sotsiaalkindlustus",0.0,0.0,0.0,0.0,0.0,0.0,0.0,0.0,0.0,0.0,0.1,0.1,0.1,0.1,0.1,0.3,0.2,0.2,0.2,0.3
"Keskmine tööjõukulu tunnis, suhteline standardviga, %","Haridus",1.3,0.5,0.4,1.0,0.3,0.5,0.2,0.3,0.4,0.2,0.8,0.6,0.8,1.9,0.8,3.2,0.6,0.9,2.4,1.2
"Keskmine tööjõukulu tunnis, suhteline standardviga, %","Tervishoid ja sotsiaalhoolekanne",1.1,1.3,1.1,1.0,1.1,1.2,0.9,0.9,1.2,1.0,1.2,0.9,0.9,1.0,1.1,1.8,1.4,1.2,1.5,1.7
"Keskmine tööjõukulu tunnis, suhteline standardviga, %","Kunst, meelelahutus ja vaba aeg",6.4,4.1,6.4,5.5,3.4,2.3,1.5,2.3,2.2,1.5,1.8,1.7,2.9,1.9,1.8,6.1,3.9,3.9,5.3,3.6
"Keskmine tööjõukulu tunnis, suhteline standardviga, %","Muud teenindavad tegevused",8.8,4.5,5.5,7.0,8.3,7.8,5.2,5.9,5.6,7.4,5.9,5.4,6.3,6.6,5.6,7.1,7.2,5.9,6.2,6.1
"Töötatud tunnid ühe töötaja kohta, tundi","Kokku – kõik tegevusalad",1815,462,464,426,463,453,465,455,429,462,446,461,432,427,464,451,454,451,431,467
"Töötatud tunnid ühe töötaja kohta, tundi","Põllumajandus, metsamajandus ja kalapüük",1900,468,487,481,465,470,460,470,485,461,470,462,463,487,467,471,460,470,479,474
"Töötatud tunnid ühe töötaja kohta, tundi","Mäetööstus",1762,453,448,419,442,429,453,421,400,440,446,455,447,429,453,453,449,468,447,447
"Töötatud tunnid ühe töötaja kohta, tundi","Töötlev tööstus",1792,457,462,417,456,450,461,456,426,456,443,459,428,431,455,448,450,451,436,456
"Töötatud tunnid ühe töötaja kohta, tundi","Elektrienergia, gaasi, auru ja konditsioneeritud õhuga varustamine",1805,470,452,416,467,449,471,441,417,465,458,476,462,424,468,445,462,434,417,466
"Töötatud tunnid ühe töötaja kohta, tundi","Veevarustus; kanalisatsioon; jäätme- ja saastekäitlus",1756,458,444,417,436,444,451,443,431,449,449,459,443,437,458,449,453,444,436,463
"Töötatud tunnid ühe töötaja kohta, tundi","Ehitus",1898,464,482,478,474,468,467,468,467,470,459,454,443,471,470,465,453,459,475,472
"Töötatud tunnid ühe töötaja kohta, tundi","Hulgi- ja jaekaubandus; mootorsõidukite ja mootorrataste remont",1858,467,467,451,473,463,470,459,454,470,455,463,431,456,472,458,451,453,456,474
"Töötatud tunnid ühe töötaja kohta, tundi","Veondus ja laondus",1862,466,472,459,465,462,464,460,459,467,455,460,438,456,468,466,461,463,464,474
"Töötatud tunnid ühe töötaja kohta, tundi","Majutus ja toitlustus",1814,449,460,449,456,456,455,453,457,460,414,413,346,456,449,446,412,440,471,461
"Töötatud tunnid ühe töötaja kohta, tundi","Info ja side",1848,469,467,444,468,457,469,456,441,464,462,473,455,446,475,463,469,462,447,475
"Töötatud tunnid ühe töötaja kohta, tundi","Finants- ja kindlustustegevus",1768,456,455,415,442,443,457,438,424,454,457,473,456,435,464,449,464,447,426,461
"Töötatud tunnid ühe töötaja kohta, tundi","Kinnisvaraalane tegevus",1909,482,477,470,479,486,493,492,473,487,468,472,459,462,480,463,462,469,449,474
"Töötatud tunnid ühe töötaja kohta, tundi","Kutse-, teadus- ja tehnikaalane tegevus",1873,473,479,450,471,472,477,471,468,473,474,490,462,465,479,474,473,474,464,484
"Töötatud tunnid ühe töötaja kohta, tundi","Haldus- ja abitegevused",1852,466,466,454,466,461,461,464,456,464,455,460,438,457,463,462,453,460,460,474
"Töötatud tunnid ühe töötaja kohta, tundi","Avalik haldus ja riigikaitse; kohustuslik sotsiaalkindlustus",1755,460,446,392,457,436,462,435,395,452,439,465,437,398,458,435,459,433,392,456
"Töötatud tunnid ühe töötaja kohta, tundi","Haridus",1628,451,434,291,452,407,454,426,293,450,403,450,410,296,453,401,440,419,290,451
"Töötatud tunnid ühe töötaja kohta, tundi","Tervishoid ja sotsiaalhoolekanne",1818,465,464,423,466,453,469,454,425,465,449,464,437,429,467,454,464,453,428,474
"Töötatud tunnid ühe töötaja kohta, tundi","Kunst, meelelahutus ja vaba aeg",1851,477,472,422,480,458,485,457,411,477,443,474,407,412,477,451,457,448,421,480
"Töötatud tunnid ühe töötaja kohta, tundi","Muud teenindavad tegevused",1884,476,479,454,475,467,481,474,445,470,456,477,435,432,477,472,461,471,470,486
"Töötatud tunnid ühe töötaja kohta, standardviga, tundi","Kokku – kõik tegevusalad",1,1,1,1,1,1,1,1,1,1,1,1,1,1,1,1,1,1,1,1
"Töötatud tunnid ühe töötaja kohta, standardviga, tundi","Põllumajandus, metsamajandus ja kalapüük",8,5,4,8,7,8,8,5,4,6,4,5,4,6,4,6,6,6,6,6
"Töötatud tunnid ühe töötaja kohta, standardviga, tundi","Mäetööstus",1,1,1,1,1,1,1,1,1,1,1,1,1,1,1,2,2,1,2,2
"Töötatud tunnid ühe töötaja kohta, standardviga, tundi","Töötlev tööstus",2,2,1,2,2,3,2,2,3,2,1,1,2,2,1,2,2,1,2,2
"Töötatud tunnid ühe töötaja kohta, standardviga, tundi","Elektrienergia, gaasi, auru ja konditsioneeritud õhuga varustamine",1,1,1,1,1,1,0,0,1,1,0,0,0,1,0,1,1,1,1,0
"Töötatud tunnid ühe töötaja kohta, standardviga, tundi","Veevarustus; kanalisatsioon; jäätme- ja saastekäitlus",5,5,5,4,4,3,1,2,2,3,1,1,2,2,1,2,1,1,2,1
"Töötatud tunnid ühe töötaja kohta, standardviga, tundi","Ehitus",4,4,3,3,4,6,3,4,6,5,3,4,4,4,3,4,4,4,4,4
"Töötatud tunnid ühe töötaja kohta, standardviga, tundi","Hulgi- ja jaekaubandus; mootorsõidukite ja mootorrataste remont",3,3,2,2,3,2,2,2,2,2,1,2,2,2,1,2,2,2,2,2
"Töötatud tunnid ühe töötaja kohta, standardviga, tundi","Veondus ja laondus",3,3,2,2,3,4,3,4,3,3,2,2,3,2,2,4,3,3,3,4
"Töötatud tunnid ühe töötaja kohta, standardviga, tundi","Majutus ja toitlustus",6,6,5,5,5,6,4,5,6,5,7,6,10,4,7,9,9,5,5,5
"Töötatud tunnid ühe töötaja kohta, standardviga, tundi","Info ja side",4,4,2,3,3,3,3,2,3,2,1,1,2,2,1,3,2,2,3,2
"Töötatud tunnid ühe töötaja kohta, standardviga, tundi","Finants- ja kindlustustegevus",6,2,2,4,6,1,1,1,1,1,1,1,1,1,1,2,1,1,2,2
"Töötatud tunnid ühe töötaja kohta, standardviga, tundi","Kinnisvaraalane tegevus",6,6,6,5,5,8,3,5,8,5,4,4,4,5,4,8,6,5,8,5
"Töötatud tunnid ühe töötaja kohta, standardviga, tundi","Kutse-, teadus- ja tehnikaalane tegevus",6,5,5,6,6,5,5,4,5,4,3,3,5,4,3,5,4,2,5,3
"Töötatud tunnid ühe töötaja kohta, standardviga, tundi","Haldus- ja abitegevused",4,2,2,4,4,4,4,3,3,3,2,3,3,3,2,5,3,3,3,5
"Töötatud tunnid ühe töötaja kohta, standardviga, tundi","Avalik haldus ja riigikaitse; kohustuslik sotsiaalkindlustus",0,0,0,0,0,0,0,0,0,0,0,0,0,0,0,0,0,0,0,0
"Töötatud tunnid ühe töötaja kohta, standardviga, tundi","Haridus",2,1,1,2,1,1,0,1,1,0,1,1,2,5,1,7,2,3,7,2
"Töötatud tunnid ühe töötaja kohta, standardviga, tundi","Tervishoid ja sotsiaalhoolekanne",2,1,1,2,2,2,1,1,2,2,1,1,1,2,1,4,2,1,4,4
"Töötatud tunnid ühe töötaja kohta, standardviga, tundi","Kunst, meelelahutus ja vaba aeg",7,3,4,7,4,7,3,7,6,2,2,4,7,7,2,7,3,4,7,3
"Töötatud tunnid ühe töötaja kohta, standardviga, tundi","Muud teenindavad tegevused",7,4,6,7,6,13,4,5,13,7,5,5,12,19,5,7,6,5,7,5
"Töötatud tunnid ühe töötaja kohta, suhteline standardviga, %","Kokku – kõik tegevusalad",0.2,0.2,0.1,0.2,0.2,0.2,0.1,0.2,0.2,0.2,0.1,0.1,0.2,0.2,0.1,0.2,0.2,0.2,0.3,0.2
"Töötatud tunnid ühe töötaja kohta, suhteline standardviga, %","Põllumajandus, metsamajandus ja kalapüük",1.7,1.0,0.9,1.6,1.5,1.7,1.7,1.0,0.9,1.2,0.9,1.0,1.0,1.1,0.9,1.3,1.2,1.3,1.3,1.2
"Töötatud tunnid ühe töötaja kohta, suhteline standardviga, %","Mäetööstus",0.3,0.2,0.2,0.3,0.3,0.3,0.1,0.3,0.3,0.3,0.2,0.2,0.1,0.3,0.2,0.5,0.5,0.3,0.4,0.6
"Töötatud tunnid ühe töötaja kohta, suhteline standardviga, %","Töötlev tööstus",0.5,0.3,0.3,0.5,0.5,0.6,0.4,0.4,0.6,0.4,0.3,0.3,0.4,0.5,0.2,0.5,0.4,0.3,0.4,0.3
"Töötatud tunnid ühe töötaja kohta, suhteline standardviga, %","Elektrienergia, gaasi, auru ja konditsioneeritud õhuga varustamine",0.2,0.1,0.2,0.2,0.2,0.2,0.1,0.1,0.1,0.2,0.1,0.1,0.1,0.1,0.1,0.2,0.1,0.1,0.2,0.1
"Töötatud tunnid ühe töötaja kohta, suhteline standardviga, %","Veevarustus; kanalisatsioon; jäätme- ja saastekäitlus",1.2,1.0,1.2,1.0,0.8,0.6,0.3,0.4,0.5,0.6,0.2,0.3,0.4,0.3,0.2,0.5,0.2,0.3,0.3,0.3
"Töötatud tunnid ühe töötaja kohta, suhteline standardviga, %","Ehitus",0.9,0.8,0.6,0.7,0.9,1.3,0.7,0.8,1.3,1.0,0.7,0.9,0.9,0.8,0.7,0.9,0.9,0.9,0.8,0.9
"Töötatud tunnid ühe töötaja kohta, suhteline standardviga, %","Hulgi- ja jaekaubandus; mootorsõidukite ja mootorrataste remont",0.6,0.6,0.5,0.5,0.5,0.5,0.3,0.4,0.4,0.5,0.3,0.3,0.5,0.4,0.3,0.4,0.5,0.4,0.5,0.3
"Töötatud tunnid ühe töötaja kohta, suhteline standardviga, %","Veondus ja laondus",0.6,0.5,0.5,0.5,0.6,0.8,0.6,0.8,0.7,0.7,0.5,0.4,0.6,0.5,0.5,0.9,0.6,0.7,0.6,0.9
"Töötatud tunnid ühe töötaja kohta, suhteline standardviga, %","Majutus ja toitlustus",1.4,1.4,1.0,1.1,1.0,1.2,0.9,1.0,1.2,1.2,1.8,1.5,3.0,0.9,1.6,2.0,2.1,1.1,1.0,1.1
"Töötatud tunnid ühe töötaja kohta, suhteline standardviga, %","Info ja side",0.8,0.8,0.5,0.6,0.7,0.6,0.6,0.5,0.6,0.5,0.3,0.3,0.3,0.4,0.3,0.7,0.4,0.4,0.7,0.4
"Töötatud tunnid ühe töötaja kohta, suhteline standardviga, %","Finants- ja kindlustustegevus",1.4,0.5,0.5,0.9,1.4,0.3,0.1,0.3,0.3,0.2,0.2,0.2,0.2,0.2,0.2,0.4,0.3,0.2,0.5,0.4
"Töötatud tunnid ühe töötaja kohta, suhteline standardviga, %","Kinnisvaraalane tegevus",1.3,1.3,1.2,1.1,1.1,1.7,0.7,1.0,1.7,0.9,0.9,0.9,0.8,1.0,0.8,1.7,1.4,1.1,1.8,1.1
"Töötatud tunnid ühe töötaja kohta, suhteline standardviga, %","Kutse-, teadus- ja tehnikaalane tegevus",1.3,1.0,1.0,1.2,1.3,1.0,1.0,0.8,1.0,0.8,0.7,0.6,1.0,0.9,0.7,1.1,0.8,0.5,1.0,0.5
"Töötatud tunnid ühe töötaja kohta, suhteline standardviga, %","Haldus- ja abitegevused",0.8,0.5,0.5,0.8,0.8,0.8,0.8,0.7,0.6,0.7,0.5,0.8,0.8,0.6,0.5,1.0,0.7,0.6,0.6,1.0
"Töötatud tunnid ühe töötaja kohta, suhteline standardviga, %","Avalik haldus ja riigikaitse; kohustuslik sotsiaalkindlustus",0.0,0.0,0.0,0.0,0.0,0.0,0.0,0.0,0.0,0.0,0.0,0.0,0.0,0.1,0.0,0.1,0.1,0.1,0.1,0.1
"Töötatud tunnid ühe töötaja kohta, suhteline standardviga, %","Haridus",0.5,0.1,0.2,0.7,0.1,0.2,0.1,0.1,0.3,0.1,0.3,0.3,0.6,1.8,0.2,1.8,0.5,0.6,2.3,0.4
"Töötatud tunnid ühe töötaja kohta, suhteline standardviga, %","Tervishoid ja sotsiaalhoolekanne",0.5,0.3,0.3,0.5,0.3,0.4,0.2,0.3,0.4,0.4,0.2,0.3,0.3,0.5,0.2,0.9,0.3,0.3,0.8,0.9
"Töötatud tunnid ühe töötaja kohta, suhteline standardviga, %","Kunst, meelelahutus ja vaba aeg",1.6,0.6,0.7,1.7,0.8,1.5,0.6,1.5,1.5,0.4,0.5,0.8,1.6,1.7,0.5,1.6,0.7,0.8,1.7,0.7
"Töötatud tunnid ühe töötaja kohta, suhteline standardviga, %","Muud teenindavad tegevused",1.5,0.9,1.3,1.6,1.2,2.8,0.8,1.1,2.9,1.5,1.0,1.0,2.7,4.5,1.0,1.5,1.4,1.1,1.5,1.1
"Täistööajaga töötajate töötatud tundide osakaal, %","Kokku – kõik tegevusalad",91.4,91.4,91.6,91.6,91.3,91.0,90.9,91.1,91.4,90.7,89.6,89.8,89.5,89.9,89.4,89.8,89.7,89.7,89.9,89.7
"Täistööajaga töötajate töötatud tundide osakaal, %","Põllumajandus, metsamajandus ja kalapüük",94.3,94.1,94.1,94.8,94.2,94.4,94.6,93.2,95.2,94.9,91.4,91.8,91.4,90.6,91.8,92.2,92.0,91.1,92.3,93.5
"Täistööajaga töötajate töötatud tundide osakaal, %","Mäetööstus",98.5,98.7,98.4,98.1,98.7,98.5,98.8,98.6,98.3,98.4,97.9,98.2,97.7,97.5,98.0,97.0,97.6,97.5,96.2,96.7
"Täistööajaga töötajate töötatud tundide osakaal, %","Töötlev tööstus",97.3,97.2,97.4,97.5,97.2,97.2,97.1,97.3,97.2,97.3,96.5,96.6,96.3,96.4,96.5,96.3,96.5,96.4,96.3,96.0
"Täistööajaga töötajate töötatud tundide osakaal, %","Elektrienergia, gaasi, auru ja konditsioneeritud õhuga varustamine",97.7,97.8,97.7,97.8,97.5,97.6,97.5,97.6,97.5,97.6,97.5,97.6,97.6,97.5,97.4,97.9,97.8,97.9,98.1,98.0
"Täistööajaga töötajate töötatud tundide osakaal, %","Veevarustus; kanalisatsioon; jäätme- ja saastekäitlus",95.1,94.6,95.6,95.5,94.8,94.7,95.1,94.5,94.1,94.9,95.6,95.9,95.7,95.4,95.4,95.3,95.4,95.3,95.2,95.1
"Täistööajaga töötajate töötatud tundide osakaal, %","Ehitus",94.2,93.9,94.7,94.8,93.5,95.3,95.1,95.9,95.8,94.2,93.0,94.0,92.6,92.8,92.3,92.3,91.1,93.0,92.9,92.3
"Täistööajaga töötajate töötatud tundide osakaal, %","Hulgi- ja jaekaubandus; mootorsõidukite ja mootorrataste remont",93.0,93.2,93.4,92.8,92.6,91.6,91.7,91.7,91.3,91.7,88.5,89.4,88.4,88.2,88.2,89.3,90.0,89.2,88.9,89.4
"Täistööajaga töötajate töötatud tundide osakaal, %","Veondus ja laondus",95.4,95.2,95.2,95.4,96.0,95.7,95.8,95.9,95.9,95.3,94.6,94.9,94.2,94.8,94.6,94.4,94.6,94.3,94.3,94.3
"Täistööajaga töötajate töötatud tundide osakaal, %","Majutus ja toitlustus",83.8,83.8,83.9,84.2,83.4,82.6,82.4,83.0,82.8,82.1,81.5,82.2,78.7,83.3,81.0,83.6,83.4,84.3,83.4,83.3
"Täistööajaga töötajate töötatud tundide osakaal, %","Info ja side",94.2,94.0,94.2,94.6,93.9,94.3,94.5,94.2,94.3,94.2,93.2,93.9,91.8,93.3,93.7,95.0,94.8,95.3,95.2,94.7
"Täistööajaga töötajate töötatud tundide osakaal, %","Finants- ja kindlustustegevus",95.2,95.1,95.2,95.3,95.2,94.9,95.0,95.1,95.1,94.5,95.0,94.7,95.0,95.0,95.1,94.9,94.8,94.9,94.9,95.1
"Täistööajaga töötajate töötatud tundide osakaal, %","Kinnisvaraalane tegevus",65.9,65.9,66.1,65.7,65.8,68.1,66.9,68.3,68.4,68.9,57.5,56.1,57.9,57.3,59.0,63.8,65.2,63.9,62.9,63.1
"Täistööajaga töötajate töötatud tundide osakaal, %","Kutse-, teadus- ja tehnikaalane tegevus",90.5,90.2,90.8,91.3,89.6,89.7,89.3,89.6,90.5,89.5,88.4,88.4,87.1,88.5,89.5,87.7,87.1,86.9,87.9,88.6
"Täistööajaga töötajate töötatud tundide osakaal, %","Haldus- ja abitegevused",84.8,84.4,84.9,84.3,85.4,85.5,85.5,85.3,85.9,85.1,82.2,82.1,82.0,82.7,81.8,83.4,83.3,83.6,83.3,83.2
"Täistööajaga töötajate töötatud tundide osakaal, %","Avalik haldus ja riigikaitse; kohustuslik sotsiaalkindlustus",97.5,97.6,97.4,97.5,97.5,97.4,97.5,97.4,97.5,97.4,97.3,97.4,97.4,97.4,97.3,97.2,97.2,97.2,97.3,97.2
"Täistööajaga töötajate töötatud tundide osakaal, %","Haridus",82.8,82.7,82.5,83.9,82.5,82.2,81.9,82.0,83.5,81.8,82.4,81.9,82.3,83.9,82.2,82.8,82.3,82.6,83.8,82.8
"Täistööajaga töötajate töötatud tundide osakaal, %","Tervishoid ja sotsiaalhoolekanne",83.9,84.3,84.1,83.8,83.3,81.6,82.1,81.7,81.7,80.9,82.9,82.8,83.4,82.9,82.6,81.9,81.8,81.4,82.1,82.1
"Täistööajaga töötajate töötatud tundide osakaal, %","Kunst, meelelahutus ja vaba aeg",84.6,86.7,86.8,78.0,86.7,84.9,84.2,85.2,85.1,85.0,86.2,86.8,85.7,85.8,86.2,83.3,83.9,84.1,81.3,84.1
"Täistööajaga töötajate töötatud tundide osakaal, %","Muud teenindavad tegevused",82.4,81.5,81.6,83.6,83.0,79.1,80.2,80.9,78.3,76.9,71.5,74.9,75.5,68.8,66.4,77.0,76.4,75.9,77.9,77.9
"Osalise tööajaga töötajate töötatud tundide osakaal, %","Kokku – kõik tegevusalad",8.6,8.6,8.4,8.4,8.7,9.0,9.1,8.9,8.6,9.3,10.4,10.2,10.5,10.1,10.6,10.3,10.3,10.3,10.1,10.3
"Osalise tööajaga töötajate töötatud tundide osakaal, %","Põllumajandus, metsamajandus ja kalapüük",5.7,5.9,5.9,5.2,5.8,5.6,5.4,6.8,4.8,5.1,8.6,8.2,8.6,9.4,8.2,7.8,8.0,8.9,7.7,6.5
"Osalise tööajaga töötajate töötatud tundide osakaal, %","Mäetööstus",1.5,1.3,1.6,1.9,1.3,1.5,1.2,1.4,1.7,1.6,2.1,1.8,2.3,2.5,2.0,3.0,2.4,2.5,3.8,3.3
"Osalise tööajaga töötajate töötatud tundide osakaal, %","Töötlev tööstus",2.7,2.8,2.6,2.5,2.8,2.8,2.9,2.7,2.8,2.7,3.5,3.4,3.7,3.6,3.5,3.7,3.5,3.6,3.7,4.0
"Osalise tööajaga töötajate töötatud tundide osakaal, %","Elektrienergia, gaasi, auru ja konditsioneeritud õhuga varustamine",2.3,2.2,2.3,2.2,2.5,2.4,2.5,2.4,2.5,2.4,2.5,2.4,2.4,2.5,2.6,2.1,2.2,2.1,1.9,2.0
"Osalise tööajaga töötajate töötatud tundide osakaal, %","Veevarustus; kanalisatsioon; jäätme- ja saastekäitlus",4.9,5.4,4.4,4.5,5.2,5.3,4.9,5.5,5.9,5.1,4.4,4.1,4.3,4.6,4.6,4.7,4.6,4.7,4.8,4.9
"Osalise tööajaga töötajate töötatud tundide osakaal, %","Ehitus",5.8,6.1,5.3,5.2,6.5,4.7,4.9,4.1,4.2,5.8,7.0,6.0,7.4,7.2,7.7,7.7,8.9,7.0,7.1,7.7
"Osalise tööajaga töötajate töötatud tundide osakaal, %","Hulgi- ja jaekaubandus; mootorsõidukite ja mootorrataste remont",7.0,6.8,6.6,7.2,7.4,8.4,8.3,8.3,8.7,8.3,11.5,10.6,11.6,11.8,11.8,10.7,10.0,10.8,11.1,10.6
"Osalise tööajaga töötajate töötatud tundide osakaal, %","Veondus ja laondus",4.6,4.8,4.8,4.6,4.0,4.3,4.2,4.1,4.1,4.7,5.4,5.1,5.8,5.2,5.4,5.6,5.4,5.7,5.7,5.7
"Osalise tööajaga töötajate töötatud tundide osakaal, %","Majutus ja toitlustus",16.2,16.2,16.1,15.8,16.6,17.4,17.6,17.0,17.2,17.9,18.5,17.8,21.3,16.7,19.0,16.4,16.6,15.7,16.6,16.7
"Osalise tööajaga töötajate töötatud tundide osakaal, %","Info ja side",5.8,6.0,5.8,5.4,6.1,5.7,5.5,5.8,5.7,5.8,6.8,6.1,8.2,6.7,6.3,5.0,5.2,4.7,4.8,5.3
"Osalise tööajaga töötajate töötatud tundide osakaal, %","Finants- ja kindlustustegevus",4.8,4.9,4.8,4.7,4.8,5.1,5.0,4.9,4.9,5.5,5.0,5.3,5.0,5.0,4.9,5.1,5.2,5.1,5.1,4.9
"Osalise tööajaga töötajate töötatud tundide osakaal, %","Kinnisvaraalane tegevus",34.1,34.1,33.9,34.3,34.2,31.9,33.1,31.7,31.6,31.1,42.5,43.9,42.1,42.7,41.0,36.2,34.8,36.1,37.1,36.9
"Osalise tööajaga töötajate töötatud tundide osakaal, %","Kutse-, teadus- ja tehnikaalane tegevus",9.5,9.8,9.2,8.7,10.4,10.3,10.7,10.4,9.5,10.5,11.6,11.6,12.9,11.5,10.5,12.3,12.9,13.1,12.1,11.4
"Osalise tööajaga töötajate töötatud tundide osakaal, %","Haldus- ja abitegevused",15.2,15.6,15.1,15.7,14.6,14.5,14.5,14.7,14.1,14.9,17.8,17.9,18.0,17.3,18.2,16.6,16.7,16.4,16.7,16.8
"Osalise tööajaga töötajate töötatud tundide osakaal, %","Avalik haldus ja riigikaitse; kohustuslik sotsiaalkindlustus",2.5,2.4,2.6,2.5,2.5,2.6,2.5,2.6,2.5,2.6,2.7,2.6,2.6,2.6,2.7,2.8,2.8,2.8,2.7,2.8
"Osalise tööajaga töötajate töötatud tundide osakaal, %","Haridus",17.2,17.3,17.5,16.1,17.5,17.8,18.1,18.0,16.5,18.2,17.6,18.1,17.7,16.1,17.8,17.2,17.7,17.4,16.2,17.2
"Osalise tööajaga töötajate töötatud tundide osakaal, %","Tervishoid ja sotsiaalhoolekanne",16.1,15.7,15.9,16.2,16.7,18.4,17.9,18.3,18.3,19.1,17.1,17.2,16.6,17.1,17.4,18.1,18.2,18.6,17.9,17.9
"Osalise tööajaga töötajate töötatud tundide osakaal, %","Kunst, meelelahutus ja vaba aeg",15.4,13.3,13.2,22.0,13.3,15.1,15.8,14.8,14.9,15.0,13.8,13.2,14.3,14.2,13.8,16.7,16.1,15.9,18.7,15.9
"Osalise tööajaga töötajate töötatud tundide osakaal, %","Muud teenindavad tegevused",17.6,18.5,18.4,16.4,17.0,20.9,19.8,19.1,21.7,23.1,28.5,25.1,24.5,31.2,33.6,23.0,23.6,24.1,22.1,22.1
"Keskmine töötajate arv, taandatud täistööajale","Kokku – kõik tegevusalad",534800,532734,537913,538072,530481,536004,533039,540530,539517,530929,471989,487517,468082,469033,463327,519414,513029,521396,524750,518480
"Keskmine töötajate arv, taandatud täistööajale","Põllumajandus, metsamajandus ja kalapüük",15675,15377,15655,16267,15402,14063,13896,15082,14468,12806,11529,11761,11515,11825,11013,11861,11348,12070,12164,11862
"Keskmine töötajate arv, taandatud täistööajale","Mäetööstus",4073,4099,4182,4063,3947,3658,3880,3801,3643,3307,2813,3205,2845,2819,2384,1941,1830,1996,2046,1893
"Keskmine töötajate arv, taandatud täistööajale","Töötlev tööstus",104208,104031,104883,104398,103521,103470,103708,104874,103286,102015,87835,90104,87458,87890,85719,96682,95908,97521,96504,96796
"Keskmine töötajate arv, taandatud täistööajale","Elektrienergia, gaasi, auru ja konditsioneeritud õhuga varustamine",4697,4672,4619,4750,4749,4664,4706,4646,4652,4654,4352,4424,4366,4325,4291,4414,4441,4417,4359,4439
"Keskmine töötajate arv, taandatud täistööajale","Veevarustus; kanalisatsioon; jäätme- ja saastekäitlus",3250,3326,3279,3246,3147,3448,3475,3385,3490,3442,3251,3295,3210,3244,3255,3479,3419,3465,3491,3540
"Keskmine töötajate arv, taandatud täistööajale","Ehitus",38570,37965,38942,39488,37884,40816,39551,42293,41700,39719,33094,34677,32896,33839,30965,38400,36657,38367,39473,39105
"Keskmine töötajate arv, taandatud täistööajale","Hulgi- ja jaekaubandus; mootorsõidukite ja mootorrataste remont",82526,82650,83762,82495,81198,82137,81683,81687,83367,81810,66420,69456,64879,66089,65256,74156,74317,74259,75206,72843
"Keskmine töötajate arv, taandatud täistööajale","Veondus ja laondus",37457,37936,37332,37580,36982,38119,37831,38015,38326,38303,32559,33574,32986,32076,31599,36055,34735,36930,36471,36085
"Keskmine töötajate arv, taandatud täistööajale","Majutus ja toitlustus",20915,20471,21455,21815,19919,20652,19826,21824,21342,19615,13941,16748,13950,13261,11803,14869,14693,14796,15346,14642
"Keskmine töötajate arv, taandatud täistööajale","Info ja side",20002,19848,19895,20126,20139,20453,20378,19841,20584,21010,20919,20924,20763,20646,21342,25093,24741,24838,25785,25007
"Keskmine töötajate arv, taandatud täistööajale","Finants- ja kindlustustegevus",11088,10363,11192,11442,11356,10599,10527,10701,10672,10498,10198,10162,10173,10162,10296,11020,10953,11015,10948,11164
"Keskmine töötajate arv, taandatud täistööajale","Kinnisvaraalane tegevus",8402,8819,8479,8531,7778,8417,8598,8318,8666,8084,7028,7573,7014,6826,6698,9255,9308,9524,9395,8793
"Keskmine töötajate arv, taandatud täistööajale","Kutse-, teadus- ja tehnikaalane tegevus",20158,20991,20280,19821,19541,21043,20866,21335,21278,20695,16626,17197,16476,16509,16322,19287,19298,18826,19205,19820
"Keskmine töötajate arv, taandatud täistööajale","Haldus- ja abitegevused",24337,22988,24503,24848,25008,25590,25554,25982,25780,25047,20260,21933,19466,19503,20138,25136,23970,25525,25525,25526
"Keskmine töötajate arv, taandatud täistööajale","Avalik haldus ja riigikaitse; kohustuslik sotsiaalkindlustus",31993,31899,31874,32005,32193,32284,32115,32205,32358,32460,32573,32310,32624,32771,32587,32666,32699,32789,32685,32488
"Keskmine töötajate arv, taandatud täistööajale","Haridus",50532,51002,50582,49201,51343,50767,51022,50866,49587,51592,51845,52292,51472,50611,53006,52919,53713,53022,51666,53277
"Keskmine töötajate arv, taandatud täistööajale","Tervishoid ja sotsiaalhoolekanne",36048,36023,36108,36080,35980,36284,36002,36063,36475,36595,37038,36944,36723,37288,37198,38418,37883,38544,39301,37946
"Keskmine töötajate arv, taandatud täistööajale","Kunst, meelelahutus ja vaba aeg",13096,12833,12966,13780,12803,11821,11575,11883,11906,11921,12622,13049,12424,12474,12540,13879,13347,13688,14951,13528
"Keskmine töötajate arv, taandatud täistööajale","Muud teenindavad tegevused",7773,7442,7924,8136,7590,7718,7848,7731,7938,7356,7088,7845,6805,6839,6864,9881,9768,9804,10229,9725
"Keskmise töötajate arvu jaotus, %","Kokku – kõik tegevusalad",100,100,100,100,100,100,100,100,100,100,100,100,100,100,100,100,100,100,100,100
"Keskmise töötajate arvu jaotus, %","Põllumajandus, metsamajandus ja kalapüük",3,3,3,3,3,3,3,3,3,2,2,2,3,3,2,2,2,2,2,2
"Keskmise töötajate arvu jaotus, %","Mäetööstus",1,1,1,1,1,1,1,1,1,1,1,1,1,1,1,0,0,0,0,0
"Keskmise töötajate arvu jaotus, %","Töötlev tööstus",20,20,20,19,20,19,20,19,19,19,19,19,19,19,19,19,19,19,18,19
"Keskmise töötajate arvu jaotus, %","Elektrienergia, gaasi, auru ja konditsioneeritud õhuga varustamine",1,1,1,1,1,1,1,1,1,1,1,1,1,1,1,1,1,1,1,1
"Keskmise töötajate arvu jaotus, %","Veevarustus; kanalisatsioon; jäätme- ja saastekäitlus",1,1,1,1,1,1,1,1,1,1,1,1,1,1,1,1,1,1,1,1
"Keskmise töötajate arvu jaotus, %","Ehitus",7,7,7,7,7,8,7,8,8,8,7,7,7,7,7,7,7,7,8,8
"Keskmise töötajate arvu jaotus, %","Hulgi- ja jaekaubandus; mootorsõidukite ja mootorrataste remont",15,16,16,15,15,15,15,15,16,15,14,14,14,14,14,14,15,14,14,14
"Keskmise töötajate arvu jaotus, %","Veondus ja laondus",7,7,7,7,7,7,7,7,7,7,7,7,7,7,7,7,7,7,7,7
"Keskmise töötajate arvu jaotus, %","Majutus ja toitlustus",4,4,4,4,4,4,4,4,4,4,3,3,3,3,3,3,3,3,3,3
"Keskmise töötajate arvu jaotus, %","Info ja side",4,4,4,4,4,4,4,4,4,4,4,4,4,4,5,5,5,5,5,5
"Keskmise töötajate arvu jaotus, %","Finants- ja kindlustustegevus",2,2,2,2,2,2,2,2,2,2,2,2,2,2,2,2,2,2,2,2
"Keskmise töötajate arvu jaotus, %","Kinnisvaraalane tegevus",2,2,2,2,2,2,2,2,2,2,2,2,2,2,1,2,2,2,2,2
"Keskmise töötajate arvu jaotus, %","Kutse-, teadus- ja tehnikaalane tegevus",4,4,4,4,4,4,4,4,4,4,4,4,4,4,4,4,4,4,4,4
"Keskmise töötajate arvu jaotus, %","Haldus- ja abitegevused",5,4,5,5,5,5,5,5,5,5,4,5,4,4,4,5,5,5,5,5
"Keskmise töötajate arvu jaotus, %","Avalik haldus ja riigikaitse; kohustuslik sotsiaalkindlustus",6,6,6,6,6,6,6,6,6,6,7,7,7,7,7,6,6,6,6,6
"Keskmise töötajate arvu jaotus, %","Haridus",9,10,9,9,10,10,10,9,9,10,11,11,11,11,11,10,11,10,10,10
"Keskmise töötajate arvu jaotus, %","Tervishoid ja sotsiaalhoolekanne",7,7,7,7,7,7,7,7,7,7,8,8,8,8,8,7,7,7,8,7
"Keskmise töötajate arvu jaotus, %","Kunst, meelelahutus ja vaba aeg",2,2,2,3,2,2,2,2,2,2,3,3,3,3,3,3,3,3,3,3
"Keskmise töötajate arvu jaotus, %","Muud teenindavad tegevused",2,1,2,2,1,1,2,1,2,1,2,2,2,2,2,2,2,2,2,2
"Brutopalga kogusumma jaotus, %","Kokku – kõik tegevusalad",100,100,100,100,100,100,100,100,100,100,100,100,100,100,100,100,100,100,100,100
"Brutopalga kogusumma jaotus, %","Põllumajandus, metsamajandus ja kalapüük",3,3,3,3,3,2,2,2,2,2,2,2,2,2,2,2,2,2,2,2
"Brutopalga kogusumma jaotus, %","Mäetööstus",1,1,1,1,1,1,1,1,1,1,1,1,1,1,1,0,0,1,1,0
"Brutopalga kogusumma jaotus, %","Töötlev tööstus",19,19,19,19,18,18,19,19,18,18,18,18,17,18,17,17,18,17,17,17
"Brutopalga kogusumma jaotus, %","Elektrienergia, gaasi, auru ja konditsioneeritud õhuga varustamine",1,2,1,1,1,1,2,1,1,1,1,2,1,1,1,1,1,1,1,1
"Brutopalga kogusumma jaotus, %","Veevarustus; kanalisatsioon; jäätme- ja saastekäitlus",1,1,1,1,1,1,1,1,1,1,1,1,1,1,1,1,1,1,1,1
"Brutopalga kogusumma jaotus, %","Ehitus",7,7,7,7,7,7,7,8,7,7,7,7,7,7,6,7,7,7,7,7
"Brutopalga kogusumma jaotus, %","Hulgi- ja jaekaubandus; mootorsõidukite ja mootorrataste remont",14,14,15,14,14,14,15,14,15,14,12,12,11,12,12,12,12,12,12,12
"Brutopalga kogusumma jaotus, %","Veondus ja laondus",7,7,7,7,6,7,7,7,7,7,7,7,7,7,6,7,6,7,7,6
"Brutopalga kogusumma jaotus, %","Majutus ja toitlustus",3,3,3,3,2,3,2,3,3,2,2,2,2,2,2,2,2,2,2,2
"Brutopalga kogusumma jaotus, %","Info ja side",6,6,6,6,6,6,6,6,6,7,8,8,8,8,8,9,9,9,9,9
"Brutopalga kogusumma jaotus, %","Finants- ja kindlustustegevus",3,3,4,3,3,3,4,3,3,3,4,4,4,4,4,4,4,4,3,3
"Brutopalga kogusumma jaotus, %","Kinnisvaraalane tegevus",1,1,1,1,1,1,1,1,1,1,1,1,1,1,1,1,1,1,1,1
"Brutopalga kogusumma jaotus, %","Kutse-, teadus- ja tehnikaalane tegevus",4,5,4,4,4,4,4,4,4,4,4,4,4,4,4,4,5,4,4,4
"Brutopalga kogusumma jaotus, %","Haldus- ja abitegevused",4,4,4,4,4,4,4,4,4,4,4,4,4,4,4,4,4,4,4,4
"Brutopalga kogusumma jaotus, %","Avalik haldus ja riigikaitse; kohustuslik sotsiaalkindlustus",7,7,7,7,8,8,7,8,8,8,9,8,9,9,9,8,8,8,8,8
"Brutopalga kogusumma jaotus, %","Haridus",9,9,9,8,10,9,9,9,8,10,11,10,11,10,11,9,10,10,9,10
"Brutopalga kogusumma jaotus, %","Tervishoid ja sotsiaalhoolekanne",7,7,7,7,7,7,7,7,7,7,8,8,9,9,9,8,8,9,8,8
"Brutopalga kogusumma jaotus, %","Kunst, meelelahutus ja vaba aeg",2,2,2,2,2,2,2,2,2,2,2,2,2,2,2,2,2,2,2,2
"Brutopalga kogusumma jaotus, %","Muud teenindavad tegevused",1,1,1,1,1,1,1,1,1,1,1,1,1,1,1,2,2,2,2,2
