Omavalitsus,Maakond
Anija vald,Harju maakond
Harku vald,Harju maakond
Jõelähtme vald,Harju maakond
Keila linn,Harju maakond
Kiili vald,Harju maakond
Kose vald,Harju maakond
Kuusalu vald,Harju maakond
Loksa linn,Harju maakond
Lääne-Harju vald,Harju maakond
Maardu linn,Harju maakond
Raasiku vald,Harju maakond
Rae vald,Harju maakond
Saku vald,Harju maakond
Saue vald,Harju maakond
Tallinna linn,Harju maakond
Viimsi vald,Harju maakond
Hiiumaa vald,Hiiu maakond
Alutaguse vald,Ida-Viru maakond
Jõhvi vald,Ida-Viru maakond
Kohtla-Järve linn,Ida-Viru maakond
Lüganuse vald,Ida-Viru maakond
Narva linn,Ida-Viru maakond
Narva-Jõesuu linn,Ida-Viru maakond
Sillamäe linn,Ida-Viru maakond
Toila vald,Ida-Viru maakond
Jõgeva vald,Jõgeva maakond
Mustvee vald,Jõgeva maakond
Põltsamaa vald,Jõgeva maakond
Järva vald,Järva maakond
Paide linn,Järva maakond
Türi vald,Järva maakond
Haapsalu linn,Lääne maakond
Lääne-Nigula vald,Lääne maakond
Vormsi vald,Lääne maakond
Haljala vald,Lääne-Viru maakond
Kadrina vald,Lääne-Viru maakond
Rakvere linn,Lääne-Viru maakond
Rakvere vald,Lääne-Viru maakond
Tapa vald,Lääne-Viru maakond
Vinni vald,Lääne-Viru maakond
Viru-Nigula vald,Lääne-Viru maakond
Väike-Maarja vald,Lääne-Viru maakond
Kanepi vald,Põlva maakond
Põlva vald,Põlva maakond
Räpina vald,Põlva maakond
Häädemeeste vald,Pärnu maakond
Kihnu vald,Pärnu maakond
Lääneranna vald,Pärnu maakond
Põhja-Pärnumaa vald,Pärnu maakond
Pärnu linn,Pärnu maakond
Saarde vald,Pärnu maakond
Tori vald,Pärnu maakond
Kehtna vald,Rapla maakond
Kohila vald,Rapla maakond
Märjamaa vald,Rapla maakond
Rapla vald,Rapla maakond
Muhu vald,Saare maakond
Ruhnu vald,Saare maakond
Saaremaa vald,Saare maakond
Elva vald,Tartu maakond
Kambja vald,Tartu maakond
Kastre vald,Tartu maakond
Luunja vald,Tartu maakond
Nõo vald,Tartu maakond
Peipsiääre vald,Tartu maakond
Tartu linn,Tartu maakond
Tartu vald,Tartu maakond
Otepää vald,Valga maakond
Tõrva vald,Valga maakond
Valga vald,Valga maakond
Mulgi vald,Viljandi maakond
Põhja-Sakala vald,Viljandi maakond
Viljandi linn,Viljandi maakond
Viljandi vald,Viljandi maakond
Antsla vald,Võru maakond
Rõuge vald,Võru maakond
Setomaa vald,Võru maakond
Võru linn,Võru maakond
Võru vald,Võru maakond